,N02BA,R03,R06
2019-10-09,2.9747066497802734,5.351689271628857,2.3374760895967484
2019-10-10,3.9597818851470947,5.603667721152306,2.866312712430954
2019-10-11,2.7468113899230957,5.956341326236725,3.213105797767639
2019-10-12,3.2064266204833984,5.0853268057107925,2.923266738653183
2019-10-13,3.22383451461792,5.146575048565865,3.4205058217048645
2019-10-14,3.0023679733276367,4.613748863339424,2.7973193675279617
2019-10-15,2.8322911262512207,4.2676641047000885,3.2047730684280396
2019-10-16,3.0477981567382812,4.582875296473503,2.748055011034012
2019-10-17,3.390331745147705,4.896284714341164,2.856958508491516
2019-10-18,3.1537718772888184,4.826771914958954,3.0151429027318954
2019-10-19,3.3587937355041504,4.7215233743190765,2.833963930606842
2019-10-20,3.633883476257324,5.640635937452316,2.855978161096573
2019-10-21,3.918541669845581,4.838664159178734,2.662862241268158
2019-10-22,2.689161539077759,4.4978878274559975,2.391103282570839
2019-10-23,3.088902473449707,4.960203431546688,3.055056408047676
2019-10-24,2.7575504779815674,4.677794650197029,2.647024244070053
2019-10-25,2.8691556453704834,4.8190987855196,2.7025017142295837
2019-10-26,3.0420327186584473,4.646923430263996,2.302725836634636
2019-10-27,2.9884445667266846,4.833577014505863,2.887837439775467
2019-10-28,3.3117520809173584,4.925617016851902,2.600337713956833
2019-10-29,3.405350685119629,5.226646699011326,2.2277699410915375
2019-10-30,3.043525218963623,4.992732927203178,2.0192521065473557
2019-10-31,3.088977813720703,5.237293392419815,2.556903138756752
2019-11-01,3.7618725299835205,5.360439643263817,2.107551321387291
2019-11-02,3.4737327098846436,5.4053304344415665,2.562989965081215
2019-11-03,2.926889657974243,5.792872756719589,2.3911352455615997
2019-11-04,3.568256378173828,5.731858536601067,1.5115886181592941
2019-11-05,3.698768138885498,4.9262238666415215,3.012911081314087
2019-11-06,3.517141103744507,5.2749331668019295,2.5654222816228867
2019-11-07,3.946934700012207,5.28480838984251,2.406560853123665
2019-11-08,3.012521743774414,5.172538496553898,2.5480393320322037
2019-11-09,3.1031877994537354,5.319805182516575,2.5128570199012756
2019-11-10,3.5592594146728516,5.259022302925587,2.1176250278949738
2019-11-11,3.062967300415039,5.5075618252158165,2.31270968914032
2019-11-12,3.46054744720459,5.4332636296749115,2.595154121518135
2019-11-13,3.5152244567871094,5.454329699277878,2.515897750854492
2019-11-14,3.431985378265381,4.974910318851471,2.3958954960107803
2019-11-15,3.4769883155822754,4.937944114208221,3.205849975347519
2019-11-16,3.141108751296997,4.309739917516708,2.7690473198890686
2019-11-17,3.82887601852417,4.437481127679348,2.671271413564682
2019-11-18,3.7357468605041504,5.548463836312294,2.8684549033641815
2019-11-19,2.8555216789245605,5.418115518987179,3.0613962560892105
2019-11-20,3.1587493419647217,5.179326832294464,2.817023992538452
2019-11-21,3.5074350833892822,4.412462487816811,2.8970206528902054
2019-11-22,3.0288405418395996,4.843331538140774,2.826920449733734
2019-11-23,3.4379947185516357,5.099930763244629,2.6295266300439835
2019-11-24,3.422424793243408,5.557124018669128,2.541262060403824
2019-11-25,3.4786698818206787,5.311742462217808,2.3966404795646667
2019-11-26,3.326195001602173,5.746312960982323,2.5075337290763855
2019-11-27,3.451721668243408,5.756328329443932,2.6687704771757126
2019-11-28,3.5087223052978516,5.9063322097063065,2.4418477714061737
2019-11-29,3.750401496887207,6.049872636795044,2.7614475041627884
2019-11-30,3.5986406803131104,5.644951611757278,2.79066301882267
2019-12-01,3.555896520614624,5.359256453812122,2.700555771589279
2019-12-02,3.564774513244629,5.891272947192192,2.482474073767662
2019-12-03,3.103342056274414,5.752856880426407,2.6595966517925262
2019-12-04,3.3408961296081543,5.581272952258587,2.4553529173135757
2019-12-05,3.7021758556365967,5.515321120619774,2.5188472867012024
2019-12-06,3.434278726577759,5.517904423177242,2.5268494337797165
2019-12-07,3.3992207050323486,5.740220993757248,1.913520097732544
2019-12-08,3.305480480194092,5.514528192579746,2.4956756830215454
2019-12-09,3.251406192779541,5.170760862529278,2.0357778668403625
2019-12-10,3.4549803733825684,5.536725148558617,2.266347259283066
2019-12-11,3.0052144527435303,5.217930860817432,2.6226715743541718
2019-12-12,3.1558079719543457,5.134651958942413,2.544550448656082
2019-12-13,2.9428629875183105,4.8546377196908,2.7177708595991135
2019-12-14,2.5112295150756836,5.1746175438165665,2.8549356758594513
2019-12-15,3.0420846939086914,5.274055413901806,2.988579198718071
2019-12-16,3.0403058528900146,5.103564485907555,2.9622767865657806
2019-12-17,3.484266996383667,5.288758613169193,2.6433004438877106
2019-12-18,3.7748630046844482,5.194764956831932,2.526238337159157
2019-12-19,3.491192579269409,5.054713413119316,2.877090498805046
2019-12-20,3.743199348449707,4.5819103717803955,2.441997081041336
2019-12-21,3.7701003551483154,4.38600417226553,3.2910188287496567
2019-12-22,3.3793625831604004,4.666082113981247,2.4785884469747543
2019-12-23,2.8525314331054688,4.1298505291342735,2.7920937538146973
2019-12-24,3.356421947479248,4.766218028962612,2.7770988643169403
2019-12-25,3.5148653984069824,4.866355620324612,3.5477478057146072
2019-12-26,3.432190418243408,4.507547467947006,3.1647786498069763
2019-12-27,2.8506526947021484,4.420664682984352,2.7061647176742554
2019-12-28,3.185490369796753,4.375284388661385,2.4675647914409637
2019-12-29,3.4241974353790283,4.587983898818493,2.3359201848506927
2019-12-30,2.7951600551605225,4.660395495593548,2.3926645517349243
2019-12-31,3.3925487995147705,4.848783798515797,2.439430207014084
2020-01-01,3.393472671508789,4.893336966633797,2.360917255282402
2020-01-02,3.4448530673980713,5.029021538794041,2.396993413567543
2020-01-03,3.0018200874328613,5.057637020945549,2.742120623588562
2020-01-04,4.365309715270996,4.58634540438652,2.3580877482891083
2020-01-05,3.8371267318725586,5.627211481332779,2.5410600006580353
2020-01-06,4.149715900421143,5.16320139169693,2.54145048558712
2020-01-07,3.639368772506714,4.684669487178326,3.024711012840271
2020-01-08,3.203357219696045,5.0327883660793304,2.9190820455551147
2020-01-09,3.34768009185791,4.702603742480278,2.13061586022377
2020-01-10,3.1775717735290527,5.166982971131802,2.2290223091840744
2020-01-11,3.2357280254364014,4.993065856397152,2.2297581285238266
2020-01-12,2.941215991973877,5.246608704328537,2.168816551566124
2020-01-13,3.236470937728882,4.875732958316803,2.5100892037153244
2020-01-14,3.5851352214813232,4.604003056883812,2.6602184772491455
2020-01-15,3.6703383922576904,4.589948616921902,2.721475213766098
2020-01-16,3.1375207901000977,4.747647754848003,2.589523270726204
2020-01-17,3.6804418563842773,5.032494999468327,2.8618714213371277
2020-01-18,3.474959135055542,4.95107788592577,3.120541423559189
2020-01-19,3.466899871826172,4.690033569931984,2.8718414157629013
2020-01-20,3.4022724628448486,4.976331889629364,3.1377408653497696
2020-01-21,3.1947522163391113,5.160164795815945,2.5100020319223404
2020-01-22,4.350200653076172,6.061463803052902,2.8339818120002747
2020-01-23,4.241410732269287,5.367313139140606,2.8672678023576736
2020-01-24,3.8629651069641113,5.421744212508202,2.750975266098976
2020-01-25,3.7151737213134766,4.526623003184795,2.9423578083515167
2020-01-26,3.4356727600097656,4.644350185990334,2.9173220694065094
2020-01-27,3.1249122619628906,4.139602370560169,2.750838026404381
2020-01-28,3.829012155532837,4.8277220875024796,2.703113928437233
2020-01-29,3.273083448410034,5.269483923912048,2.9583191871643066
2020-01-30,3.2239418029785156,5.2914706617593765,3.1251387298107147
2020-01-31,4.2102742195129395,5.487382560968399,2.8485341370105743
2020-02-01,3.1622886657714844,5.650695562362671,3.437604680657387
2020-02-02,4.029228687286377,5.669965893030167,2.717552036046982
2020-02-03,3.191269874572754,6.605430543422699,3.0587471276521683
2020-02-04,3.4343008995056152,5.633381903171539,2.77993306517601
2020-02-05,3.25628662109375,5.856008604168892,2.9054278135299683
2020-02-06,3.7267887592315674,6.0608066618442535,2.7705761790275574
2020-02-07,3.8340811729431152,5.254945680499077,2.6891013979911804
2020-02-08,3.826526403427124,5.840641558170319,2.2017645835876465
2020-02-09,3.14164662361145,6.4749062061309814,2.8168831765651703
2020-02-10,4.330893039703369,6.282565668225288,1.9442246854305267
2020-02-11,3.7460296154022217,5.609278902411461,2.4776170402765274
2020-02-12,3.0080502033233643,5.499623157083988,2.672225385904312
2020-02-13,2.782580614089966,4.954563081264496,2.843693643808365
2020-02-14,3.023874282836914,5.4735007882118225,2.2007547318935394
2020-02-15,4.392791748046875,5.768532380461693,2.423827350139618
2020-02-16,3.58900785446167,6.805243045091629,3.3600564301013947
2020-02-17,3.5237488746643066,5.510393902659416,3.3279941976070404
2020-02-18,3.4899938106536865,4.648487493395805,2.465198189020157
2020-02-19,4.294253349304199,5.3069741651415825,2.5918100774288177
2020-02-20,4.357323169708252,4.762694276869297,2.8147248923778534
2020-02-21,3.9992504119873047,5.568652488291264,2.773457318544388
2020-02-22,4.134329795837402,5.2049653977155685,2.327396795153618
2020-02-23,3.5983076095581055,5.115182138979435,2.7134981006383896
2020-02-24,3.2942352294921875,4.787282757461071,2.4152639508247375
2020-02-25,3.653718948364258,4.890284948050976,2.4322394281625748
2020-02-26,3.500796318054199,5.713851526379585,2.507592737674713
2020-02-27,3.6551244258880615,5.913680791854858,1.9124067574739456
2020-02-28,3.7854561805725098,5.79416960477829,2.103228271007538
2020-02-29,3.389008045196533,5.361821316182613,2.179206758737564
2020-03-01,3.2177200317382812,5.638726204633713,2.0087409764528275
2020-03-02,3.5684051513671875,5.986841395497322,2.801387831568718
2020-03-03,3.260662078857422,6.728379651904106,1.8602277338504791
2020-03-04,3.528557062149048,7.441023141145706,1.8495294079184532
2020-03-05,3.8319051265716553,5.8438897132873535,2.218043804168701
2020-03-06,3.979280948638916,6.167676597833633,2.6494380086660385
2020-03-07,3.756194829940796,6.278266757726669,1.6892869770526886
2020-03-08,3.9045913219451904,6.367492452263832,2.005312889814377
2020-03-09,3.9665305614471436,7.808088809251785,1.0481967777013779
2020-03-10,4.306456089019775,7.7861034125089645,2.1120576560497284
2020-03-11,3.182286500930786,6.308233737945557,2.2524037957191467
2020-03-12,3.344224214553833,5.7570719718933105,2.109305039048195
2020-03-13,4.146520614624023,6.278081685304642,2.0673445612192154
2020-03-14,3.843714952468872,6.289225593209267,2.2123342752456665
2020-03-15,4.651346206665039,4.775307364761829,1.8761401623487473
2020-03-16,3.9266505241394043,4.9254195392131805,2.6573243737220764
2020-03-17,3.1628170013427734,5.552415736019611,2.535000666975975
2020-03-18,3.724529504776001,6.020236909389496,2.4154935032129288
2020-03-19,3.743818759918213,5.606095790863037,1.9702836871147156
2020-03-20,3.3459746837615967,5.748552605509758,1.952158659696579
2020-03-21,3.820439338684082,5.158697962760925,2.3348039388656616
2020-03-22,3.749973773956299,5.025102496147156,2.781388610601425
2020-03-23,3.733591079711914,4.805227741599083,2.1949079632759094
2020-03-24,3.665949821472168,5.004703626036644,2.239967957139015
2020-03-25,3.034416675567627,5.421397536993027,1.3258419558405876
2020-03-26,3.7791056632995605,6.188622638583183,2.1424786001443863
2020-03-27,3.4199113845825195,5.5110785365104675,1.8680678308010101
2020-03-28,4.152459621429443,5.9205519407987595,1.6630861535668373
2020-03-29,4.211358547210693,4.775300659239292,1.7835582420229912
2020-03-30,3.8728318214416504,5.280864872038364,2.0888710767030716
2020-03-31,3.509243965148926,5.792737305164337,1.7826428264379501
2020-04-01,3.8750128746032715,5.589694082736969,2.1645482629537582
2020-04-02,3.4273934364318848,5.116601027548313,2.054741531610489
2020-04-03,3.4460606575012207,4.748825244605541,2.184688523411751
2020-04-04,3.3685197830200195,5.325851887464523,1.3324955105781555
2020-04-05,2.96268892288208,5.871136263012886,1.7569613456726074
2020-04-06,3.472184181213379,5.5073754116892815,1.4733371883630753
2020-04-07,3.383808135986328,5.023800954222679,1.5353567898273468
2020-04-08,2.8486883640289307,5.531788542866707,1.8331793323159218
2020-04-09,2.8753256797790527,5.383293069899082,1.7392199859023094
2020-04-10,3.1412625312805176,4.676621183753014,1.6880987584590912
2020-04-11,3.5771594047546387,5.581424497067928,1.5271830931305885
2020-04-12,3.5203440189361572,5.146072134375572,1.9598118960857391
2020-04-13,3.499778985977173,3.8841652125120163,1.8268425017595291
2020-04-14,3.3783488273620605,5.291573256254196,2.451910972595215
2020-04-15,2.4508514404296875,4.825367107987404,1.7069225013256073
2020-04-16,2.7015438079833984,5.608323365449905,1.9376125931739807
2020-04-17,3.4295034408569336,4.738706275820732,1.98692187666893
2020-04-18,3.110933542251587,4.804685935378075,1.5688873082399368
2020-04-19,2.8397998809814453,4.746407568454742,1.9398956000804901
2020-04-20,3.5822582244873047,4.411093890666962,1.8594136834144592
2020-04-21,3.4265146255493164,5.098685547709465,1.9571305811405182
2020-04-22,3.276641845703125,4.18708149343729,1.7768653482198715
2020-04-23,3.4203548431396484,5.10174997150898,1.9174931198358536
2020-04-24,3.3183789253234863,4.767709672451019,1.7548944801092148
2020-04-25,3.1828842163085938,4.7926609218120575,2.2735434025526047
2020-04-26,3.570286512374878,4.655109196901321,2.388003095984459
2020-04-27,4.160752296447754,4.936986565589905,2.570977807044983
2020-04-28,3.360523223876953,5.723077654838562,2.1024569123983383
2020-04-29,3.2656054496765137,5.490464419126511,1.6958791762590408
2020-04-30,4.144396781921387,5.476749613881111,2.0323873311281204
2020-05-01,3.2755212783813477,4.810254201292992,2.164238691329956
2020-05-02,4.494281768798828,4.480538964271545,2.2203026711940765
2020-05-03,3.5086019039154053,3.7930606305599213,2.528618574142456
2020-05-04,4.048491954803467,4.096108004450798,1.9644378125667572
2020-05-05,4.160820484161377,5.643965899944305,2.4662726372480392
2020-05-06,4.212272644042969,5.125402696430683,1.6900324076414108
2020-05-07,3.7949533462524414,5.239880383014679,2.1498388051986694
2020-05-08,3.6799755096435547,6.018956825137138,2.3025472462177277
2020-05-09,4.864055633544922,3.9006681740283966,2.593715786933899
2020-05-10,3.030163049697876,5.2774252742528915,2.0197901129722595
2020-05-11,3.9293596744537354,3.8875464722514153,2.3771852999925613
2020-05-12,3.880884885787964,3.810678720474243,2.329731211066246
2020-05-13,3.6702730655670166,4.038593731820583,2.6577311754226685
2020-05-14,3.5571093559265137,3.184552565217018,2.3453982174396515
2020-05-15,4.076451301574707,4.035328812897205,2.903459742665291
2020-05-16,4.076622486114502,3.9905617386102676,2.9785868525505066
2020-05-17,3.9783194065093994,5.087286829948425,2.2652433067560196
2020-05-18,4.187877655029297,4.909697100520134,2.4231795966625214
2020-05-19,3.8502721786499023,4.228988327085972,2.5538963824510574
2020-05-20,3.825150489807129,5.3609368577599525,2.3972131311893463
2020-05-21,4.485558032989502,3.9125027507543564,2.5220221281051636
2020-05-22,2.734010696411133,4.976581335067749,3.0766982585191727
2020-05-23,3.450195789337158,5.32162070274353,1.804032102227211
2020-05-24,3.8371942043304443,4.775802567601204,2.2059347480535507
2020-05-25,4.3624372482299805,5.395084396004677,2.1386615931987762
2020-05-26,4.072388172149658,5.152108781039715,2.505253180861473
2020-05-27,3.6448583602905273,5.356714725494385,2.39729180932045
2020-05-28,4.035212516784668,6.136811077594757,2.2749848663806915
2020-05-29,3.961090564727783,5.272514149546623,2.575513869524002
2020-05-30,3.6485350131988525,5.160437040030956,2.682327926158905
2020-05-31,3.4532155990600586,3.9290814846754074,2.2267741709947586
2020-06-01,2.6379499435424805,4.366214498877525,0.8642414957284927
2020-06-02,2.9866929054260254,5.314228869974613,2.0431890338659286
2020-06-03,3.148439884185791,5.764885246753693,2.0125331729650497
2020-06-04,2.8886947631835938,5.689977183938026,2.0364560186862946
2020-06-05,2.9937195777893066,5.285820588469505,1.8530182912945747
2020-06-06,2.632040023803711,5.807964205741882,2.1243826299905777
2020-06-07,3.2578728199005127,5.763595774769783,1.9677910208702087
2020-06-08,3.1282286643981934,5.284207910299301,1.712636947631836
2020-06-09,2.571141242980957,5.633467733860016,1.8070045486092567
2020-06-10,3.452334403991699,4.624295309185982,1.9229547679424286
2020-06-11,4.2314043045043945,4.030391201376915,2.4326567351818085
2020-06-12,3.607485055923462,4.513866752386093,2.835291400551796
2020-06-13,3.092099905014038,3.8677896559238434,3.0456172674894333
2020-06-14,3.673462152481079,2.652186043560505,2.66595259308815
2020-06-15,3.232156276702881,3.2323072850704193,2.6417789608240128
2020-06-16,3.50331449508667,3.731440231204033,2.5394386053085327
2020-06-17,3.8742570877075195,3.943615034222603,2.9991942644119263
2020-06-18,4.531818389892578,3.965544104576111,3.2865026593208313
2020-06-19,3.0961971282958984,3.4595178812742233,3.198838457465172
2020-06-20,3.545769214630127,3.2547835260629654,3.2832064479589462
2020-06-21,3.4460201263427734,2.436110470443964,2.763301804661751
2020-06-22,2.8973562717437744,2.1218113973736763,3.805762231349945
2020-06-23,3.088249683380127,2.766914516687393,2.51065157353878
2020-06-24,3.1640982627868652,2.79183492064476,1.6977766156196594
2020-06-25,3.204223394393921,3.7421633675694466,2.3685264587402344
2020-06-26,3.0185647010803223,3.882248103618622,3.220202699303627
2020-06-27,3.148851156234741,5.017899088561535,2.171335816383362
2020-06-28,3.575794219970703,3.824252374470234,1.551610752940178
2020-06-29,2.8350114822387695,5.273807644844055,2.9749712347984314
2020-06-30,4.221550941467285,3.1331953033804893,2.5246743857860565
2020-07-01,3.409203052520752,5.353223159909248,2.9070961475372314
2020-07-02,3.1393887996673584,4.776463732123375,2.2968370467424393
2020-07-03,3.0608701705932617,5.008098296821117,2.410888373851776
2020-07-04,3.19677996635437,3.7457917258143425,2.792835608124733
2020-07-05,3.24507212638855,3.1065059825778008,2.905498445034027
2020-07-06,2.558987617492676,4.072358720004559,2.6053011417388916
2020-07-07,3.449559211730957,4.494306072592735,2.268347069621086
2020-07-08,3.30673885345459,4.813649877905846,2.3771289736032486
2020-07-09,4.262630462646484,5.012189336121082,2.1215736865997314
2020-07-10,3.980745792388916,5.161066018044949,2.5376777350902557
2020-07-11,3.90494704246521,5.2087922394275665,3.167416602373123
2020-07-12,2.9273743629455566,5.162868797779083,3.7554703652858734
2020-07-13,3.1194841861724854,4.248936250805855,2.2323203086853027
2020-07-14,3.51669979095459,4.65148251503706,1.7408481985330582
2020-07-15,3.947787046432495,4.6986206620931625,2.508431598544121
2020-07-16,3.4058446884155273,5.0258853659033775,3.3352598547935486
2020-07-17,3.1162734031677246,4.826175794005394,2.618939056992531
2020-07-18,3.3927953243255615,4.419984072446823,2.6069728285074234
2020-07-19,2.9672534465789795,5.428617373108864,2.2993603348731995
2020-07-20,4.075821399688721,5.71285642683506,2.489101141691208
2020-07-21,2.5916008949279785,5.0370001047849655,3.067808970808983
2020-07-22,3.348483085632324,4.411811046302319,2.092103362083435
2020-07-23,4.346651077270508,4.5283520221710205,2.0529893785715103
2020-07-24,4.0155181884765625,4.620012827217579,2.9975994676351547
2020-07-25,3.068857192993164,4.733436405658722,1.6607281565666199
2020-07-26,3.4283242225646973,4.6606432646512985,2.186022251844406
2020-07-27,3.4719204902648926,4.67014767229557,1.8692931532859802
2020-07-28,3.025266408920288,5.222002789378166,1.861386001110077
2020-07-29,3.3865723609924316,4.932723864912987,2.6469381898641586
2020-07-30,3.81119441986084,6.16045743227005,1.7578228935599327
2020-07-31,2.9068031311035156,4.895806610584259,2.121172472834587
2020-08-01,3.4391705989837646,5.773523300886154,2.3290662467479706
2020-08-02,3.107590675354004,5.03138791769743,2.4144353717565536
2020-08-03,3.5681424140930176,6.672792881727219,2.7427245676517487
2020-08-04,4.062306880950928,6.224994733929634,2.1734896302223206
2020-08-05,3.450498104095459,6.201446279883385,2.4559658020734787
2020-08-06,3.318004846572876,5.640637278556824,2.0464172959327698
2020-08-07,3.4921934604644775,4.9219973757863045,3.5057591646909714
2020-08-08,3.3062045574188232,5.486815273761749,2.5925329327583313
2020-08-09,3.5090420246124268,5.761703476309776,2.0466535538434982
2020-08-10,2.805617570877075,4.527303613722324,1.5421153977513313
2020-08-11,3.4200613498687744,6.27534918487072,2.0311494916677475
2020-08-12,3.315847158432007,5.373622700572014,2.25878968834877
2020-08-13,3.536102294921875,4.848821684718132,2.0987579226493835
2020-08-14,3.7818822860717773,4.843020737171173,2.3781484365463257
2020-08-15,3.0988171100616455,4.66912005096674,2.623716965317726
2020-08-16,3.279611349105835,4.661292023956776,3.1187546253204346
2020-08-17,3.9713683128356934,4.800756834447384,1.5447679907083511
2020-08-18,3.5983035564422607,4.630573019385338,2.7532797306776047
2020-08-19,3.4385666847229004,4.9820879101753235,2.1173179149627686
2020-08-20,3.356098175048828,4.967048764228821,1.838919036090374
2020-08-21,3.099876880645752,4.486760348081589,2.758500427007675
2020-08-22,2.8656342029571533,4.904060438275337,2.7795718610286713
2020-08-23,3.687349319458008,4.578719213604927,3.13472718000412
2020-08-24,3.552338123321533,5.405752547085285,2.8861847519874573
2020-08-25,3.4871702194213867,5.5747561901807785,2.776319682598114
2020-08-26,3.603490114212036,4.749164879322052,2.8329261392354965
2020-08-27,4.2840895652771,5.661435127258301,2.9409755766391754
2020-08-28,3.2496836185455322,5.137191005051136,2.3052435368299484
2020-08-29,3.514460802078247,5.398620888590813,2.746755927801132
2020-08-30,3.6465113162994385,4.7162796556949615,2.829194515943527
2020-08-31,3.2978029251098633,5.36818653345108,1.6009963676333427
2020-09-01,2.773989200592041,4.466634392738342,2.6253269612789154
2020-09-02,3.6292009353637695,4.881739430129528,2.3601579666137695
2020-09-03,3.285343647003174,4.863469563424587,1.4198008552193642
2020-09-04,3.32909893989563,4.340911880135536,2.10558257997036
2020-09-05,2.947507381439209,4.748579151928425,1.5730733424425125
2020-09-06,3.347243309020996,4.677411764860153,1.0556285083293915
2020-09-07,3.551492214202881,5.255160257220268,1.8433886021375656
2020-09-08,3.377781867980957,4.986461251974106,1.7847253382205963
2020-09-09,3.3532979488372803,4.853613115847111,2.521894723176956
2020-09-10,4.121075630187988,5.204044058918953,2.728229910135269
2020-09-11,3.2637288570404053,5.004944354295731,2.4285386502742767
2020-09-12,2.9022090435028076,4.613707959651947,2.368701696395874
2020-09-13,3.437513828277588,4.388519749045372,2.731216549873352
2020-09-14,2.9381802082061768,4.173464924097061,2.81090185046196
2020-09-15,3.2349655628204346,4.71545722335577,2.583039253950119
2020-09-16,3.7914183139801025,5.203171670436859,2.7064673602581024
2020-09-17,3.771439552307129,4.953290708363056,2.327902615070343
2020-09-18,3.551208972930908,4.06701073050499,2.392236739397049
2020-09-19,3.279083728790283,5.026228353381157,2.6242127269506454
2020-09-20,3.3061044216156006,4.53389011323452,2.558315098285675
2020-09-21,3.096667528152466,5.692867264151573,2.8554122149944305
2020-09-22,3.434584140777588,4.474509693682194,1.5689798444509506
2020-09-23,3.238537073135376,3.7176593765616417,2.930477410554886
2020-09-24,2.699180841445923,4.779052063822746,2.8244532644748688
2020-09-25,3.4422783851623535,4.5165617018938065,2.113119810819626
2020-09-26,2.600522041320801,4.938040003180504,2.286740094423294
2020-09-27,2.9968910217285156,5.209022909402847,2.192092537879944
2020-09-28,2.9716992378234863,5.146225020289421,1.8876562267541885
2020-09-29,2.6606578826904297,4.397563487291336,1.9575150310993195
2020-09-30,3.8145718574523926,5.255159251391888,2.3093461990356445
2020-10-01,3.3498239517211914,4.42038606852293,2.2074683010578156
2020-10-02,3.0324740409851074,4.474492929875851,2.301303818821907
2020-10-03,3.496126174926758,5.018522702157497,1.816275268793106
2020-10-04,2.929231882095337,4.999626204371452,2.1907690912485123
2020-10-05,3.669713020324707,5.017483681440353,2.0265651494264603
2020-10-06,2.750417947769165,4.750732630491257,2.152383103966713
2020-10-07,1.9993860721588135,5.254735127091408,2.060653120279312
2020-10-08,2.533389091491699,3.7658945471048355,2.81794935464859
2020-10-09,1.9289051294326782,4.784482195973396,2.4416470527648926
2020-10-10,2.9071717262268066,5.026592463254929,3.1338076293468475
2020-10-11,2.729045867919922,3.8000625371932983,2.532239332795143
2020-10-12,3.1107845306396484,6.162445619702339,1.7591529339551926
2020-10-13,2.8585124015808105,4.016125202178955,2.730000615119934
2020-10-14,3.1975202560424805,4.232194572687149,2.5665901601314545
2020-10-15,3.1889519691467285,4.186701960861683,2.9867054522037506
2020-10-16,3.1352758407592773,4.751262031495571,2.8038735687732697
2020-10-17,2.4718265533447266,4.543938003480434,2.8010018169879913
2020-10-18,3.323219060897827,4.653364755213261,2.733135223388672
2020-10-19,2.548074722290039,5.998397693037987,3.4653498977422714
2020-10-20,3.1060609817504883,5.897666662931442,2.937803864479065
2020-10-21,2.7203993797302246,4.501888677477837,2.78518907725811
2020-10-22,2.949049472808838,5.254189297556877,3.4771326184272766
2020-10-23,3.056943893432617,4.655773043632507,2.725875601172447
2020-10-24,3.041001796722412,5.106431767344475,2.3706230521202087
2020-10-25,3.1241815090179443,5.85942305624485,2.0684538781642914
2020-10-26,3.080085515975952,4.230546355247498,2.1621237695217133
2020-10-27,2.9247632026672363,4.738003201782703,2.6311279088258743
2020-10-28,3.627243757247925,5.311453118920326,3.1256499141454697
2020-10-29,3.59177303314209,4.9795736744999886,2.4478644132614136
2020-10-30,3.4854822158813477,6.486634835600853,2.185255140066147
2020-10-31,3.893838882446289,5.454881899058819,2.9351145029067993
2020-11-01,2.9238152503967285,5.568893551826477,3.397647589445114
2020-11-02,2.999432325363159,5.509393103420734,2.3256707936525345
2020-11-03,2.8928897380828857,5.947034060955048,2.0530812442302704
2020-11-04,3.066340684890747,4.474702812731266,2.7205002307891846
2020-11-05,2.2112622261047363,4.818515405058861,2.681649327278137
2020-11-06,2.654128074645996,4.327094480395317,2.771097868680954
2020-11-07,3.40816330909729,4.5291828364133835,1.993144378066063
2020-11-08,3.038736581802368,4.302143901586533,2.87096343934536
2020-11-09,3.185913562774658,4.390109293162823,2.811518758535385
2020-11-10,2.733626127243042,5.313134863972664,2.5845350325107574
2020-11-11,3.265564441680908,5.023556873202324,2.3736416548490524
2020-11-12,2.737795829772949,4.708131104707718,2.8526611626148224
2020-11-13,3.2909154891967773,4.663587659597397,1.924956813454628
2020-11-14,2.474557399749756,4.5319294184446335,2.5072556734085083
2020-11-15,2.6409642696380615,4.332873970270157,2.114867717027664
2020-11-16,2.98466420173645,4.24541886895895,2.3393234610557556
2020-11-17,2.569530963897705,4.745367541909218,2.6525869220495224
2020-11-18,2.903214454650879,4.614575318992138,2.9006818681955338
2020-11-19,3.2775111198425293,3.99329524487257,3.012760877609253
2020-11-20,3.2515978813171387,4.663221538066864,3.1824765354394913
2020-11-21,3.3842413425445557,4.218292348086834,3.324730396270752
2020-11-22,2.7491979598999023,4.331212341785431,2.1038630604743958
2020-11-23,3.0519604682922363,5.988037660717964,2.55918949842453
2020-11-24,3.2965521812438965,5.03940537571907,2.1873443573713303
2020-11-25,3.10776424407959,4.57519143819809,2.6534369587898254
2020-11-26,3.1368744373321533,5.355944260954857,2.5518565624952316
2020-11-27,3.288471221923828,4.874559827148914,2.545577734708786
2020-11-28,3.148893356323242,5.25533527135849,2.1549884229898453
2020-11-29,3.361729145050049,3.7833181768655777,2.5884606689214706
2020-11-30,3.0828051567077637,4.7867701202631,2.3432140052318573
2020-12-01,4.639441967010498,5.257115587592125,2.286670133471489
2020-12-02,3.618588924407959,5.243752151727676,2.24830225110054
2020-12-03,3.0501184463500977,5.117863677442074,2.3206546157598495
2020-12-04,2.672132968902588,5.697921887040138,2.118159681558609
2020-12-05,3.8806309700012207,5.743530839681625,2.7581097185611725
2020-12-06,3.5460662841796875,5.068130828440189,2.3037394881248474
2020-12-07,3.165043830871582,4.175215065479279,1.8519307672977448
2020-12-08,2.9503910541534424,4.420343488454819,2.2430334985256195
2020-12-09,3.660714626312256,5.039623640477657,2.786542922258377
2020-12-10,3.0778648853302,5.468861572444439,2.0667006075382233
2020-12-11,3.1325607299804688,4.590195380151272,2.5836586207151413
2020-12-12,2.881639003753662,3.823840320110321,1.6657624393701553
2020-12-13,3.4445629119873047,3.892521634697914,2.569967955350876
2020-12-14,3.3465046882629395,4.076112806797028,2.3945921659469604
2020-12-15,2.6921021938323975,4.1673897206783295,2.971791923046112
2020-12-16,2.864152193069458,4.725185260176659,3.0012470483779907
2020-12-17,2.9395546913146973,4.1187552362680435,2.7524395287036896
2020-12-18,2.9395105838775635,4.206399768590927,2.656307816505432
2020-12-19,2.7486155033111572,4.5775118842720985,2.420009672641754
2020-12-20,3.0480949878692627,5.095284506678581,3.0999666452407837
2020-12-21,3.436201333999634,4.2912715673446655,3.1742843985557556
2020-12-22,3.001528024673462,4.5955148711800575,2.430933639407158
2020-12-23,3.050743818283081,3.586999922990799,2.2114522755146027
2020-12-24,3.5715198516845703,4.651661887764931,3.0523547530174255
2020-12-25,3.572188377380371,5.057728551328182,2.880643531680107
2020-12-26,2.9720141887664795,4.448972046375275,2.642154023051262
2020-12-27,3.008796453475952,4.468409679830074,2.20889188349247
2020-12-28,3.8305442333221436,3.1439056992530823,2.475925236940384
2020-12-29,3.270646572113037,4.293162859976292,2.161884382367134
2020-12-30,3.0773985385894775,5.293493717908859,2.6905082166194916
2020-12-31,3.3383185863494873,4.786423444747925,2.986086532473564
2021-01-01,2.935490846633911,5.622097514569759,2.6267384737730026
2021-01-02,3.3772218227386475,3.572266213595867,2.2056473046541214
2021-01-03,2.515643358230591,4.637948423624039,2.377316504716873
2021-01-04,2.696676015853882,5.443816110491753,2.189059853553772
2021-01-05,3.1427574157714844,5.466050952672958,2.3388679325580597
2021-01-06,3.712843894958496,5.274707190692425,2.3223859816789627
2021-01-07,3.266392707824707,4.665923193097115,1.5432708710432053
2021-01-08,2.9321401119232178,4.4354406371712685,2.0369575917720795
2021-01-09,3.2071421146392822,4.852348789572716,2.9195769131183624
2021-01-10,2.8844223022460938,4.77290578186512,1.961037665605545
2021-01-11,3.7083020210266113,5.333227291703224,2.1853959560394287
2021-01-12,3.123913288116455,4.873732700943947,2.0141856372356415
2021-01-13,3.2396578788757324,4.723138399422169,2.4209582805633545
2021-01-14,3.1790926456451416,4.352596923708916,2.362542450428009
2021-01-15,3.4289209842681885,4.256229177117348,2.285684198141098
2021-01-16,3.324690341949463,4.063772633671761,2.5257056951522827
2021-01-17,2.9257497787475586,3.4954437240958214,2.8746753931045532
2021-01-18,2.9387283325195312,3.702596090734005,2.5811900943517685
2021-01-19,3.0644516944885254,4.555103033781052,1.4818762242794037
2021-01-20,2.3662290573120117,4.691922180354595,3.0919432640075684
2021-01-21,2.477083921432495,5.052393637597561,1.7375010251998901
2021-01-22,3.867175817489624,5.089591182768345,2.9924914240837097
2021-01-23,2.9140737056732178,4.708462692797184,2.4646733701229095
2021-01-24,3.2226767539978027,4.865790009498596,2.4001282453536987
2021-01-25,3.0042977333068848,4.999050535261631,2.014688327908516
2021-01-26,2.943448066711426,4.222995601594448,2.4937503039836884
2021-01-27,3.475414752960205,4.166321195662022,1.8636665493249893
2021-01-28,3.080629348754883,5.137325786054134,1.8092018365859985
2021-01-29,3.0410234928131104,5.211067758500576,3.04657906293869
2021-01-30,2.659506320953369,5.146029889583588,3.32559697329998
2021-01-31,3.849588394165039,4.002953879535198,2.6445481181144714
2021-02-01,2.8939709663391113,5.075021758675575,2.4639829248189926
2021-02-02,4.224970817565918,5.409735292196274,3.379003554582596
2021-02-03,4.25012731552124,5.375717505812645,2.859307676553726
2021-02-04,4.388327121734619,5.036569274961948,2.6720834523439407
2021-02-05,3.5094895362854004,4.262550473213196,2.0066195726394653
2021-02-06,3.033893585205078,5.7821157574653625,2.196130156517029
2021-02-07,3.0869102478027344,4.438297860324383,1.9360486418008804
2021-02-08,3.1986420154571533,3.9606108516454697,2.6602010428905487
2021-02-09,2.7971696853637695,5.2443841472268105,1.7402154207229614
2021-02-10,3.1428017616271973,4.520181342959404,0.953572690486908
2021-02-11,3.677395820617676,3.9109453931450844,2.9142500460147858
2021-02-12,3.1361889839172363,5.601480379700661,1.2032406404614449
2021-02-13,3.5165646076202393,6.697136610746384,1.3977131992578506
2021-02-14,3.733454465866089,4.799153544008732,2.56873682141304
2021-02-15,4.350064754486084,4.810671955347061,3.101400062441826
2021-02-16,3.9161415100097656,5.125179402530193,1.9932053983211517
2021-02-17,4.119241714477539,5.206723250448704,2.5604360550642014
2021-02-18,3.7039833068847656,3.563470244407654,1.624068170785904
2021-02-19,3.094649314880371,5.536324828863144,1.9067470729351044
2021-02-20,3.3624024391174316,5.72281077504158,1.8844619393348694
2021-02-21,4.403630256652832,4.860404804348946,1.4797228574752808
2021-02-22,2.9190030097961426,5.038598366081715,1.044885590672493
2021-02-23,3.4684815406799316,4.559834450483322,2.15152770280838
2021-02-24,2.6221423149108887,4.291678257286549,2.470722422003746
2021-02-25,3.043632984161377,5.355789363384247,1.7468152195215225
2021-02-26,3.931415557861328,5.939299911260605,1.2354140728712082
2021-02-27,3.5935277938842773,5.503962300717831,2.149834781885147
2021-02-28,2.9259607791900635,6.6627587378025055,2.0769108831882477
2021-03-01,4.02916145324707,6.721167862415314,2.3623817414045334
2021-03-02,4.270623207092285,5.053834989666939,2.2664152085781097
2021-03-03,4.1851301193237305,5.278899818658829,1.9081635028123856
2021-03-04,3.3269667625427246,6.206940114498138,2.829034924507141
2021-03-05,3.7237496376037598,6.032751426100731,2.2575630247592926
2021-03-06,2.7647886276245117,6.0806965827941895,2.104940637946129
2021-03-07,3.58138108253479,5.032180845737457,2.478961944580078
2021-03-08,3.4807534217834473,5.92773824930191,1.7597322911024094
2021-03-09,3.788482666015625,5.513308458030224,2.5414203107357025
2021-03-10,4.464323997497559,7.134618312120438,3.504081219434738
2021-03-11,4.098226547241211,6.259917765855789,2.3474612832069397
2021-03-12,4.157374858856201,5.48292338848114,3.670203611254692
2021-03-13,3.4680776596069336,5.4528068751096725,3.560878112912178
2021-03-14,3.7335262298583984,4.828758090734482,2.772769555449486
2021-03-15,3.45914888381958,4.398948177695274,3.4700194001197815
2021-03-16,3.934732675552368,5.0835055857896805,2.404397875070572
2021-03-17,3.426457643508911,3.7201816588640213,2.4846607446670532
2021-03-18,3.4494147300720215,3.172028325498104,2.6040760427713394
2021-03-19,3.6136715412139893,5.486291237175465,2.7658190578222275
2021-03-20,3.009049892425537,3.8664086535573006,2.7719219774007797
2021-03-21,3.186371326446533,4.234846606850624,2.789093032479286
2021-03-22,3.338632583618164,4.399990551173687,2.270297259092331
2021-03-23,3.5018115043640137,4.1305482387542725,2.5256359577178955
2021-03-24,2.8510689735412598,3.6132295802235603,1.4796575903892517
2021-03-25,2.711498498916626,5.1587750762701035,2.3883703351020813
2021-03-26,3.7886953353881836,5.339326299726963,1.7035546526312828
2021-03-27,3.308145046234131,3.490646593272686,1.6840935498476028
2021-03-28,2.753448963165283,3.3012038469314575,2.2595565766096115
2021-03-29,3.110424280166626,4.314692281186581,1.9526640325784683
2021-03-30,2.5358572006225586,4.216022528707981,1.9569913297891617
2021-03-31,3.647399425506592,4.077373780310154,2.1874067187309265
2021-04-01,3.920901298522949,5.121718347072601,1.6538820415735245
2021-04-02,4.105937957763672,5.480169765651226,2.2457970678806305
2021-04-03,3.6930885314941406,4.599928110837936,2.6987935602664948
2021-04-04,2.7681045532226562,4.716053679585457,1.6523603349924088
2021-04-05,3.778362512588501,4.345166869461536,1.7433875799179077
2021-04-06,4.200488090515137,4.39656738191843,3.209048956632614
2021-04-07,3.7557148933410645,5.678522810339928,3.170721083879471
2021-04-08,4.115303993225098,4.0128569304943085,3.4930814802646637
2021-04-09,1.7500897645950317,5.741120874881744,2.9483943432569504
2021-04-10,3.8903214931488037,4.332624860107899,2.5017938017845154
2021-04-11,3.2491321563720703,4.133150652050972,2.213933542370796
2021-04-12,3.5204739570617676,4.961301125586033,1.9549155235290527
2021-04-13,3.021519184112549,3.731057345867157,1.9081078469753265
2021-04-14,3.368037700653076,2.47292160987854,2.1530547738075256
2021-04-15,3.0640647411346436,4.234441593289375,1.747281588613987
2021-04-16,3.2270445823669434,2.2343773394823074,1.7441723495721817
2021-04-17,2.7911601066589355,3.207756355404854,2.09860660135746
2021-04-18,2.353027820587158,2.6427518762648106,1.8088267743587494
2021-04-19,2.901249408721924,2.9029883444309235,2.4188558757305145
2021-04-20,3.075840711593628,4.038677550852299,1.7299624532461166
2021-04-21,3.479003429412842,3.4150877594947815,1.8500936776399612
2021-04-22,2.93009614944458,2.901333086192608,2.04777292907238
2021-04-23,3.1702189445495605,4.815322905778885,2.6939034461975098
2021-04-24,3.4465584754943848,3.234965018928051,2.4229875952005386
2021-04-25,2.8725075721740723,4.093012064695358,2.6247460395097733
2021-04-26,2.9172611236572266,3.161957636475563,2.2617079317569733
2021-04-27,1.7162584066390991,3.5869912058115005,1.8344586342573166
2021-04-28,2.312288999557495,4.6776652336120605,2.3532074689865112
2021-04-29,3.682856559753418,4.534922093153,2.5597840547561646
2021-04-30,3.1333022117614746,4.702469632029533,2.1419835090637207
2021-05-01,3.7383294105529785,4.961096942424774,2.3148205876350403
2021-05-02,3.5791215896606445,4.9046676233410835,2.321121096611023
2021-05-03,2.319727897644043,4.696688465774059,2.5005047768354416
2021-05-04,3.1950695514678955,4.395161904394627,2.151426002383232
2021-05-05,2.819298267364502,3.9944784343242645,2.1940509974956512
2021-05-06,3.523057222366333,3.9918076246976852,2.2507010400295258
2021-05-07,3.3670341968536377,4.6262043714523315,2.1167340874671936
2021-05-08,3.408132314682007,4.682478457689285,1.7505624890327454
2021-05-09,3.6311323642730713,4.851568266749382,2.0636699348688126
2021-05-10,2.9924354553222656,3.2203607261180878,2.2324517369270325
2021-05-11,3.083216667175293,4.208177737891674,1.0075579583644867
2021-05-12,2.6335995197296143,4.514454826712608,1.7567230761051178
2021-05-13,3.1234326362609863,4.32512640953064,1.6099653393030167
2021-05-14,3.2127277851104736,3.2148849964141846,2.346932217478752
2021-05-15,2.6619224548339844,4.305353835225105,2.0471325516700745
2021-05-16,2.5409789085388184,3.989081159234047,1.6956635937094688
2021-05-17,3.1822376251220703,3.918275199830532,2.0481133460998535
2021-05-18,3.620734691619873,4.640694335103035,2.096790298819542
2021-05-19,2.467552661895752,4.333895221352577,2.5000961869955063
2021-05-20,2.7065744400024414,4.642420336604118,1.7918944358825684
2021-05-21,3.033548355102539,4.701073877513409,1.5400255098938942
2021-05-22,2.684077739715576,3.8049907609820366,1.7143591493368149
2021-05-23,3.0114030838012695,3.372340388596058,2.0455826818943024
2021-05-24,2.5484299659729004,2.249334678053856,1.8271538615226746
2021-05-25,2.9382588863372803,4.778475388884544,1.9256392121315002
2021-05-26,3.29017972946167,3.849310912191868,1.4391079545021057
2021-05-27,2.634349822998047,5.407851375639439,2.2243233025074005
2021-05-28,2.8937816619873047,5.348408259451389,1.5157759934663773
2021-05-29,2.3560545444488525,3.777029737830162,2.311593219637871
2021-05-30,3.0687191486358643,3.9236148074269295,1.7035786807537079
2021-05-31,2.518217086791992,4.222449436783791,2.2442684322595596
2021-06-01,2.9211270809173584,3.3662085235118866,1.8418116867542267
2021-06-02,3.242892026901245,4.376683160662651,2.410929724574089
2021-06-03,3.362771987915039,4.602412506937981,2.0462778210639954
2021-06-04,3.044172763824463,4.0775588527321815,1.2915901467204094
2021-06-05,2.692905902862549,4.733103811740875,2.0224497467279434
2021-06-06,2.363694906234741,5.004217140376568,2.1884409338235855
2021-06-07,3.5068745613098145,4.002309143543243,1.6513912752270699
2021-06-08,2.768181324005127,4.640132747590542,1.4953813701868057
2021-06-09,3.015655279159546,4.836775213479996,1.2797186896204948
2021-06-10,3.617755651473999,4.542854726314545,1.742662712931633
2021-06-11,2.8457512855529785,4.706571064889431,1.9703677296638489
2021-06-12,4.958032608032227,4.0606652945280075,2.525256872177124
2021-06-13,4.076777935028076,4.888003394007683,3.4838779270648956
2021-06-14,3.022545337677002,4.109805375337601,4.277933835983276
2021-06-15,3.4315567016601562,3.4524911642074585,3.784218281507492
2021-06-16,3.2325267791748047,3.75906128436327,3.354548066854477
2021-06-17,3.0834994316101074,4.393966309726238,3.3884625881910324
2021-06-18,3.2067062854766846,3.6323004215955734,3.4435609728097916
2021-06-19,2.6533737182617188,3.6463018879294395,3.6510226875543594
2021-06-20,2.9539709091186523,2.805282175540924,3.6757495254278183
2021-06-21,3.1758580207824707,2.0347532629966736,2.584790736436844
2021-06-22,2.772953748703003,1.7339683324098587,2.6978525519371033
2021-06-23,3.0651509761810303,2.7054117992520332,2.2059548646211624
2021-06-24,3.485328197479248,2.5012655183672905,2.9610782861709595
2021-06-25,2.7399091720581055,3.2302027568221092,4.1156043112277985
2021-06-26,3.697551727294922,2.789577506482601,2.7761149406433105
2021-06-27,3.4987728595733643,3.183388151228428,2.87070594727993
2021-06-28,3.185716152191162,4.39453125,3.7459033727645874
2021-06-29,2.6151161193847656,4.270148500800133,3.3367426693439484
2021-06-30,3.2732160091400146,3.140018507838249,3.400285318493843
2021-07-01,3.3407697677612305,3.924133814871311,2.5755824893712997
2021-07-02,3.8576903343200684,4.807945489883423,3.552383780479431
2021-07-03,2.9966013431549072,3.7769975513219833,3.3459533751010895
2021-07-04,3.624450206756592,3.99945929646492,2.031972035765648
2021-07-05,2.907135486602783,3.993680141866207,2.6586802303791046
2021-07-06,3.0841386318206787,3.709045797586441,2.6253238320350647
2021-07-07,3.2941155433654785,2.335558645427227,2.465762346982956
2021-07-08,3.5025360584259033,3.4633008018136024,2.0706085860729218
2021-07-09,2.0098776817321777,2.982221469283104,2.4642091244459152
2021-07-10,3.94616436958313,3.804001361131668,3.764469176530838
2021-07-11,3.5965304374694824,3.4518232941627502,3.1145111471414566
2021-07-12,2.681687116622925,4.252632670104504,2.3427079617977142
2021-07-13,3.793987989425659,4.130500629544258,3.118627443909645
2021-07-14,2.4881651401519775,3.83817907422781,2.845899760723114
2021-07-15,3.481476306915283,4.0553367510437965,3.334546834230423
2021-07-16,3.5542919635772705,4.214347824454308,2.624129354953766
2021-07-17,3.4457359313964844,3.7221138551831245,2.8093577921390533
2021-07-18,3.520270824432373,4.123492352664471,3.526734709739685
2021-07-19,3.476961135864258,3.729333020746708,3.7877243757247925
2021-07-20,2.933372974395752,3.5413768887519836,3.309127986431122
2021-07-21,2.692410469055176,3.5012460127472878,3.749943897128105
2021-07-22,2.3604516983032227,4.808662310242653,3.1908919662237167
2021-07-23,3.027102470397949,4.133482575416565,2.223210409283638
2021-07-24,3.222256898880005,4.055923484265804,2.909034490585327
2021-07-25,3.3000569343566895,4.129327163100243,3.0389955639839172
2021-07-26,2.980165481567383,3.3044617250561714,2.8739261627197266
2021-07-27,3.588554620742798,4.320290721952915,3.0437417328357697
2021-07-28,2.7527852058410645,3.7296485155820847,3.3592070639133453
2021-07-29,2.307701826095581,4.297834597527981,2.5171932578086853
2021-07-30,3.1335484981536865,3.998333103954792,2.727028727531433
2021-07-31,3.437647581100464,4.371833726763725,3.5264097154140472
2021-08-01,2.9068360328674316,4.285700619220734,3.573838099837303
2021-08-02,3.0735583305358887,4.136875234544277,2.4434906244277954
2021-08-03,1.9562630653381348,4.135835207998753,2.4231818318367004
2021-08-04,2.9055113792419434,3.7116599455475807,2.271668314933777
2021-08-05,2.592350959777832,4.83017060905695,3.0053530633449554
2021-08-06,2.5985145568847656,4.725976176559925,3.069917857646942
2021-08-07,2.456707715988159,4.171137437224388,2.4721361696720123
2021-08-08,3.8276796340942383,4.521133191883564,3.0996838957071304
2021-08-09,3.4336130619049072,4.211645498871803,2.856554165482521
2021-08-10,2.812852382659912,4.052795693278313,2.359801009297371
2021-08-11,3.6554477214813232,4.273861013352871,1.951550915837288
2021-08-12,2.7773425579071045,4.293034449219704,2.1496982127428055
2021-08-13,3.250472068786621,3.534557707607746,2.32417568564415
2021-08-14,3.1955902576446533,4.4362446293234825,3.1084761768579483
2021-08-15,3.5498743057250977,4.75605983287096,2.6172014325857162
2021-08-16,3.4509356021881104,5.076031945645809,2.1726925671100616
2021-08-17,3.5146164894104004,4.275315441191196,2.5182368606328964
2021-08-18,3.016111373901367,4.891836270689964,2.6934177428483963
2021-08-19,2.7329719066619873,5.297376215457916,2.7295781672000885
2021-08-20,3.049950122833252,4.534371234476566,1.6885242238640785
2021-08-21,3.3308520317077637,4.502663165330887,2.4181754887104034
2021-08-22,3.795010566711426,4.142047539353371,2.1459288150072098
2021-08-23,3.5553200244903564,4.406739994883537,2.6716994494199753
2021-08-24,3.3273561000823975,3.7134144455194473,2.7694427222013474
2021-08-25,3.6556646823883057,5.306039750576019,2.507109045982361
2021-08-26,3.2852187156677246,3.8721418753266335,1.8536147475242615
2021-08-27,3.0924906730651855,4.898411370813847,2.459140866994858
2021-08-28,3.1079704761505127,3.601958602666855,3.112410306930542
2021-08-29,3.894124984741211,4.797715544700623,2.0012790709733963
2021-08-30,2.6611080169677734,4.178742170333862,2.231951504945755
2021-08-31,2.7178025245666504,3.671944811940193,2.466972917318344
2021-09-01,2.855376720428467,4.584689140319824,2.416103705763817
2021-09-02,2.1441855430603027,4.138706512749195,1.8772628903388977
2021-09-03,3.3413071632385254,3.806341588497162,1.8587634712457657
2021-09-04,3.324666976928711,4.197845198214054,2.255580872297287
2021-09-05,2.6853060722351074,4.504386484622955,2.099159136414528
2021-09-06,2.794848918914795,4.261935241520405,1.8907664716243744
2021-09-07,2.7639148235321045,4.882830083370209,1.8153508007526398
2021-09-08,2.944509744644165,3.9179204776883125,1.8866977840662003
2021-09-09,3.3846993446350098,4.900953769683838,1.4395730942487717
2021-09-10,3.525040864944458,4.083131477236748,2.2151101380586624
2021-09-11,3.160214900970459,4.536314159631729,1.6857178509235382
2021-09-12,3.025771853327751,5.863465145230293,1.422458030283451
2021-09-13,2.8941242814064023,5.1596226543188095,1.8233267962932587
2021-09-14,3.1750204771757122,4.4127025455236435,2.249101772904396
2021-09-15,2.670971572399139,3.688379041850567,1.8736284971237183
2021-09-16,3.6463607162237164,3.4080275148153305,2.5671181082725525
2021-09-17,3.7061040163040158,4.003294855356216,2.3487241566181183
2021-09-18,3.13069631755352,3.3553536236286163,2.2032004594802856
2021-09-19,3.094874426722526,4.596976339817047,2.59782113134861
2021-09-20,3.0615357667207714,3.4008338302373886,2.89089135825634
2021-09-21,2.858185414969921,5.051448158919811,2.283935397863388
2021-09-22,3.625272852182388,4.37765009701252,2.4189043790102005
2021-09-23,2.856118845939636,3.134479746222496,2.2314494848251343
2021-09-24,3.1358697831630704,4.321214742958546,3.213697224855423
2021-09-25,3.16111793667078,3.934776484966278,2.7473509311676025
2021-09-26,3.3916701182723044,3.9615754410624504,2.5547361373901367
2021-09-27,3.027853529155254,3.4200619161129,2.510223090648651
2021-09-28,3.3676597014069554,4.381763264536858,2.6570241898298264
2021-09-29,3.191542413830757,3.4777679666876793,2.7820859849452972
2021-09-30,2.642901101708412,3.633580505847931,2.0593328028917313
2021-10-01,2.3165126234292983,2.926069423556328,3.4243156760931015
2021-10-02,2.2525292128324508,3.678479678928852,2.532210052013397
2021-10-03,2.772820986807346,2.8162316232919693,2.744768410921097
2021-10-04,2.7302000164985656,3.49920853972435,2.473249062895775
2021-10-05,2.5558822751045223,4.398066401481628,1.994665414094925
2021-10-06,3.068950550258159,3.809335269033909,3.0077335238456726
2021-10-07,2.446104037761688,3.3125676959753036,2.1983324736356735
2021-10-08,3.0467794880270955,4.148104302585125,2.096056267619133
2021-10-09,3.44093644618988,4.1191961243748665,3.013749048113823
2021-10-10,2.990403370559215,3.0140505731105804,1.573648676276207
2021-10-11,2.8018976926803587,3.8227828592061996,2.3127490282058716
2021-10-12,3.2525789782404897,3.6689461022615433,2.85092756152153
2021-10-13,3.144689294695854,3.7985242903232574,2.193015217781067
2021-10-14,3.2204749926924703,3.328959345817566,3.04055392742157
2021-10-15,2.4543405085802075,3.0486953258514404,2.512970343232155
2021-10-16,3.0136053696274754,3.586684763431549,2.307424172759056
2021-10-17,3.47684816122055,3.263467513024807,2.1340061724185944
2021-10-18,3.0221382603049274,3.7398643791675568,2.4205170571804047
2021-10-19,2.2902566015720365,3.243045173585415,3.024781197309494
2021-10-20,2.6281829982995983,4.044477492570877,2.933237850666046
2021-10-21,2.8139251530170437,3.0953023955225945,2.604547441005707
2021-10-22,2.8406541809439654,2.560263555496931,2.1375522762537003
2021-10-23,2.783582946658134,3.0783719569444656,2.2274619340896606
2021-10-24,3.027098189294338,3.4313610568642616,1.9857866317033768
2021-10-25,2.473812761902809,3.6153384670615196,2.322637662291527
2021-10-26,3.0048138260841366,2.409643940627575,1.9508309662342072
2021-10-27,3.077054122090339,3.009606823325157,2.006080001592636
2021-10-28,1.95254557877779,3.9637336134910583,3.3132492005825043
2021-10-29,3.155698271095752,3.374633677303791,2.2023828327655792
2021-10-30,3.089684629440307,3.57021264731884,2.148521840572357
2021-10-31,3.0539382725954054,2.750364951789379,1.6803880780935287
2021-11-01,3.13898484557867,4.176492132246494,1.3885943591594696
2021-11-02,2.755458989739418,3.1098755076527596,2.693324089050293
2021-11-03,2.914335542917251,3.4363093972206116,1.5008476004004478
2021-11-04,2.770293252170086,3.417067229747772,1.8977004289627075
2021-11-05,2.237403634190559,4.424096569418907,2.210416719317436
2021-11-06,2.578502050042152,3.3183713257312775,2.0729148387908936
2021-11-07,2.259656763076782,3.3011790364980698,2.330363094806671
2021-11-08,3.147026765346527,3.907156102359295,2.0186229050159454
2021-11-09,2.8318154796957966,4.893593788146973,1.7782334983348846
2021-11-10,2.4678088307380674,4.787362553179264,2.157842516899109
2021-11-11,2.350267332792282,3.3222273364663124,2.0767615735530853
2021-11-12,2.9103183597326274,3.9710714668035507,2.7633999288082123
2021-11-13,2.9586968570947643,4.45031214505434,1.7351483926177025
2021-11-14,2.656699731945991,4.481971599161625,1.6716620698571205
2021-11-15,2.6330727010965345,3.313865549862385,1.5938036888837814
2021-11-16,2.686043256521225,3.6768686771392822,1.7786595225334167
2021-11-17,2.9041268184781073,4.123775996267796,2.8945478796958923
2021-11-18,2.941812153160572,2.79914528131485,2.8979207575321198
2021-11-19,2.4456657364964483,2.621467374265194,1.919957846403122
2021-11-20,2.4129090964794155,4.025150500237942,2.5913697481155396
2021-11-21,2.820592354238033,4.9172428250312805,2.700492739677429
2021-11-22,2.7725382447242732,4.996136985719204,2.8796542435884476
2021-11-23,2.6012455374002452,5.061212740838528,2.9958654195070267
2021-11-24,3.048119297623634,3.6030395328998566,2.61880025267601
2021-11-25,3.1519558683037756,4.899391382932663,3.0838222056627274
2021-11-26,2.819360741972923,6.041447818279266,2.6804016530513763
2021-11-27,2.6407883957028386,5.819183886051178,2.362377718091011
2021-11-28,2.8726748749613757,4.750542193651199,1.8367461115121841
2021-11-29,2.718942798674106,5.3404900431633,2.2063791006803513
2021-11-30,2.369206969439983,3.2610324025154114,2.0329738408327103
2021-12-01,2.487217390537262,4.841963946819305,1.43263578414917
2021-12-02,2.2449415177106853,3.7377528101205826,2.1650319546461105
2021-12-03,2.903401896357536,4.327448531985283,1.7696955800056458
2021-12-04,2.802165940403938,4.346365816891193,2.2165024280548096
2021-12-05,2.945434722304344,5.112994462251663,2.441919520497322
2021-12-06,2.6938012093305583,4.951956644654274,2.4330516904592514
2021-12-07,3.023904938995838,4.385637044906616,2.124542221426964
2021-12-08,3.0436868816614147,4.703273959457874,3.216334283351898
2021-12-09,2.5756717711687087,4.783799573779106,2.4916861206293106
2021-12-10,2.9255321294069287,3.7215080112218857,3.080233857035637
2021-12-11,3.0352826029062268,4.016474559903145,2.0841899514198303
2021-12-12,2.830228857696056,5.157590880990028,2.936258912086487
2021-12-13,3.022309947013855,4.566879943013191,2.80136838555336
2021-12-14,2.6116722896695133,4.232388027012348,2.7464718371629715
2021-12-15,2.5247096031904217,4.072599783539772,3.1182514876127243
2021-12-16,2.9577614605426783,3.751453198492527,2.735099047422409
2021-12-17,2.9742842137813565,4.007189087569714,2.8285641968250275
2021-12-18,2.3637381047010417,4.781327918171883,2.772738039493561
2021-12-19,2.915256649255752,5.081917382776737,2.784757912158966
2021-12-20,2.395602014660835,4.404095001518726,2.7408939599990845
2021-12-21,2.5844869956374166,5.219794660806656,2.299198731780052
2021-12-22,2.7862764477729796,4.082471989095211,2.2140050679445267
2021-12-23,2.3407563790678974,4.73175935447216,2.6050125807523727
2021-12-24,2.4587606757879255,4.915830306708813,2.6356666535139084
2021-12-25,3.0067409634590145,3.9337733387947083,2.6562796533107758
2021-12-26,2.757520046830177,4.140849933028221,3.036627396941185
2021-12-27,2.5366668373346326,3.0744099989533424,2.3762820661067963
2021-12-28,2.2903719440102575,5.067790523171425,2.1830499172210693
2021-12-29,3.1190652768188705,4.078763499855995,2.787163406610489
2021-12-30,2.7360314224568043,4.250302836298943,2.5316812098026276
2021-12-31,2.3533594260306145,4.9532487988471985,2.7109023928642273
2022-01-01,2.963569158189639,4.68139685690403,3.3792416006326675
2022-01-02,2.8000305637288685,5.098394528031349,2.879219949245453
2022-01-03,2.9635232079755593,4.888186454772949,2.3017416894435883
2022-01-04,3.251776427225174,4.600072279572487,2.523161843419075
2022-01-05,2.823454081478489,4.622764438390732,2.680196240544319
2022-01-06,2.5849809870397755,4.483837746083736,1.788557879626751
2022-01-07,2.201799973155894,4.1231584176421165,2.481495290994644
2022-01-08,3.020486618839217,4.12550937384367,3.0856814235448837
2022-01-09,2.783256358854597,5.507864914834499,2.634376734495163
2022-01-10,3.1093557192980725,5.3801994770765305,2.420673966407776
2022-01-11,2.568978626925281,3.6333904042840004,2.615027278661728
2022-01-12,2.9709891274571594,5.01397468149662,2.6366863399744034
2022-01-13,3.109348787153707,5.216030851006508,2.93817400932312
2022-01-14,2.699951195524727,5.174003317952156,2.6210088282823563
2022-01-15,2.855965046307425,4.9434128031134605,2.506267726421356
2022-01-16,2.9095321025545426,5.010473728179932,2.4967199563980103
2022-01-17,2.8207612404844093,4.5686280727386475,2.5328993797302246
2022-01-18,2.436939894522427,4.611491784453392,2.6719191670417786
2022-01-19,3.369348170459849,4.6440403908491135,2.082113027572632
2022-01-20,3.0570225847480064,4.472715295851231,2.5695019215345383
2022-01-21,3.1483278387981515,4.321224465966225,2.7746719121932983
2022-01-22,3.166923811211666,4.5101673156023026,2.604561969637871
2022-01-23,2.7689931747307623,4.854783900082111,3.1011736392974854
2022-01-24,3.0716834758971507,4.467436708509922,2.713065594434738
2022-01-25,2.854670121739957,5.447193346917629,2.2896525263786316
2022-01-26,2.9930973203287508,5.018175020813942,1.6248180717229843
2022-01-27,2.5635127301237497,5.8198826014995575,2.908603996038437
2022-01-28,3.386207541679182,6.6372837871313095,2.667996883392334
2022-01-29,3.6711281820404187,6.303853690624237,2.817061096429825
2022-01-30,3.2497470914775026,6.01588100194931,3.092872202396393
2022-01-31,3.402676336078838,5.792978033423424,3.589949905872345
2022-02-01,3.9262770449034146,4.805798716843128,3.272326961159706
2022-02-02,3.4348743641049904,5.883157253265381,2.3615652322769165
2022-02-03,2.791971846873388,4.967092350125313,2.122684568166733
2022-02-04,2.7649109339445768,5.673623085021973,2.4879270046949387
2022-02-05,3.0742729289095516,5.134920179843903,2.515411376953125
2022-02-06,2.957975313809248,5.719006061553955,2.8158527612686157
2022-02-07,2.758783908631848,5.714477151632309,2.0634759217500687
2022-02-08,2.928258993465931,4.3695079162716866,2.460269406437874
2022-02-09,3.210377066890846,5.5509864538908005,1.8712789937853813
2022-02-10,3.042551832415743,4.6386659145355225,2.718599885702133
2022-02-11,2.8940347986723887,6.6223713755607605,2.518257424235344
2022-02-12,2.7149448296034135,5.938367173075676,2.6233653724193573
2022-02-13,3.088588005085493,6.0974691063165665,2.50057116150856
2022-02-14,3.0378760020106066,5.491613745689392,2.799735367298126
2022-02-15,3.5324551894185525,5.875629633665085,1.6312667727470398
2022-02-16,3.151740236377366,5.297062061727047,2.9840757697820663
2022-02-17,2.51040992948785,5.658565163612366,2.9519574344158173
2022-02-18,3.5594869873410286,5.507282540202141,2.8743497282266617
2022-02-19,3.138796932540715,5.2197785675525665,2.922021523118019
2022-02-20,3.086607788532183,4.792644158005714,2.539835572242737
2022-02-21,2.6924302150107384,5.347673334181309,2.471631243824959
2022-02-22,2.58478054903698,4.796563200652599,1.779431328177452
2022-02-23,2.9908629911691293,3.8148415088653564,2.390381768345833
2022-02-24,2.8097918152405064,5.601332187652588,2.8081360459327698
2022-02-25,2.648033197391518,4.916906878352165,2.5560658425092697
2022-02-26,2.6582141407291675,5.904907286167145,2.251192331314087
2022-02-27,2.752537254313499,4.54603549093008,2.3049183189868927
2022-02-28,3.5390854884122134,5.486858859658241,2.6455655694007874
2022-03-01,2.88560610336906,6.129420250654221,3.0299869179725647
2022-03-02,2.7586024845107406,5.827630832791328,2.2656163573265076
2022-03-03,2.696330239430746,4.877836145460606,3.14640574157238
2022-03-04,2.8742666996773085,5.318290069699287,2.5210124999284744
2022-03-05,3.134601796832006,6.634751111268997,2.6140156388282776
2022-03-06,3.056813035926902,6.059735789895058,2.423475980758667
2022-03-07,2.7577787476988567,5.387933626770973,2.262675315141678
2022-03-08,3.022221635543258,4.636375308036804,1.778579168021679
2022-03-09,3.4197254499925176,4.080132767558098,1.859046332538128
2022-03-10,3.1790802176322037,5.138842239975929,1.9387516379356384
2022-03-11,3.2738545147840927,7.078920230269432,1.9830159097909927
2022-03-12,3.009658213217834,7.233689725399017,2.873925492167473
2022-03-13,2.6511974242024494,6.325140371918678,2.467116415500641
2022-03-14,2.3582854078167106,5.429247356951237,1.5445777773857117
2022-03-15,2.372631183489128,5.4773906618356705,2.51828670501709
2022-03-16,3.066938720170895,6.3918569684028625,2.4242225289344788
2022-03-17,3.266268768235604,5.49248144030571,2.4643544107675552
2022-03-18,2.6156658269815813,5.9778110682964325,2.0001981407403946
2022-03-19,3.03215143719361,6.624130234122276,2.6846833527088165
2022-03-20,3.0599622100814963,5.93538723886013,2.1684399247169495
2022-03-21,2.8952520832229633,4.41892359405756,2.6365824043750763
2022-03-22,2.6188155953199788,4.9842216074466705,2.2292236983776093
2022-03-23,2.777512384033377,5.051490738987923,2.099117338657379
2022-03-24,2.571826351830612,5.337564088404179,2.0766301453113556
2022-03-25,3.462794664873851,5.6540510058403015,2.244235575199127
2022-03-26,2.6779990749319924,4.038353338837624,2.545280009508133
2022-03-27,2.954254732897672,5.235215686261654,2.100290358066559
2022-03-28,2.5020626373654986,4.06572662293911,1.975993886590004
2022-03-29,2.4806706340374927,5.639423578977585,2.811829447746277
2022-03-30,3.0094405438847587,3.7370899692177773,2.7193082123994827
2022-03-31,2.4888117443802886,3.7977977469563484,2.3088323324918747
2022-04-01,2.7318491607304884,5.604016073048115,2.555910050868988
2022-04-02,3.2666056704517654,4.74744088947773,2.63863742351532
2022-04-03,3.0272438751054,5.255869701504707,2.4953658878803253
2022-04-04,3.20341838231553,6.215795427560806,2.584655284881592
2022-04-05,2.7878581143456564,4.910546354949474,1.9977184385061264
2022-04-06,2.8350996878899264,5.1925672218203545,1.8078795075416565
2022-04-07,2.6736389541873855,5.881182476878166,2.2648973017930984
2022-04-08,3.398640243568,5.862693339586258,2.1777769178152084
2022-04-09,3.4273448669564957,6.998402997851372,1.9117357581853867
2022-04-10,2.981566589452513,6.666188612580299,1.9371827691793442
2022-04-11,3.2750747702536813,6.754125505685806,2.0834876596927643
2022-04-12,3.06439719798525,5.591012053191662,2.2462213039398193
2022-04-13,2.6093641116308435,5.14638964086771,1.9890327751636505
2022-04-14,2.7476897047893667,5.4843442887067795,2.4285762012004852
2022-04-15,2.8973479675565432,5.84887258708477,2.6255741715431213
2022-04-16,2.726120238565605,5.214224047958851,2.3889993131160736
2022-04-17,3.2173379301401055,5.689906105399132,2.242150604724884
2022-04-18,2.519953511666412,5.204361230134964,2.3136916011571884
2022-04-19,2.875866044413054,5.378867089748383,2.2228190302848816
2022-04-20,2.839778687275344,5.041029118001461,2.1148234605789185
2022-04-21,3.0204889955744285,6.067184954881668,2.0454148203134537
2022-04-22,2.6401208478127827,4.66257780790329,2.2196924686431885
2022-04-23,2.574718244398614,6.428355127573013,2.1183311194181442
2022-04-24,2.428763133151466,5.780380368232727,1.8701107800006866
2022-04-25,1.4077910681991703,5.281037203967571,1.663942113518715
2022-04-26,2.732385708704375,5.589798018336296,1.7173577472567558
2022-04-27,2.655737186516755,5.012769028544426,2.224543020129204
2022-04-28,2.860759119289309,4.684755653142929,1.9513531029224396
2022-04-29,2.421982109533173,6.2413448095321655,1.529214307665825
2022-04-30,2.64662022830857,6.751486882567406,1.9332629442214966
2022-05-01,2.8915421976198368,7.625359296798706,1.779879704117775
2022-05-02,2.6041333135539353,6.701594442129135,2.132859528064728
2022-05-03,2.3988434038863393,6.800929382443428,1.4503705501556396
2022-05-04,3.2391803247905986,7.2077541053295135,2.925887256860733
2022-05-05,3.1506132677648098,7.591732442378998,2.5272365659475327
2022-05-06,2.9404096561097086,6.595137566328049,3.1097066402435303
2022-05-07,3.2704429094499488,4.8655791208148,3.759165108203888
2022-05-08,3.4035866256646568,4.849656857550144,2.773437649011612
2022-05-09,2.7704584319883527,6.040698140859604,2.496742755174637
2022-05-10,3.5476239096577835,6.8254172801971436,2.8368455171585083
2022-05-11,3.5374423721363315,6.5162477642297745,2.389073967933655
2022-05-12,3.4980741301010836,6.045807749032974,3.2495856285095215
2022-05-13,3.79995198394784,7.063795253634453,2.5100699812173843
2022-05-14,4.387553022412087,6.238498315215111,2.617356777191162
2022-05-15,3.4350783672106022,7.692570760846138,2.7758996933698654
2022-05-16,2.9592761802147436,6.273656040430069,2.4098335951566696
2022-05-17,3.9793574646160774,7.119454443454742,3.108806759119034
2022-05-18,3.08752639669124,6.187130659818649,3.4810394793748856
2022-05-19,3.440197062610058,6.448460966348648,3.5376063734292984
2022-05-20,2.838247871738183,6.535929813981056,2.034687101840973
2022-05-21,3.6871854051260344,7.74692103266716,2.8985559940338135
2022-05-22,3.0909861309134072,7.150024920701981,3.1101592630147934
2022-05-23,3.6539784530028068,6.473660320043564,2.671210616827011
2022-05-24,3.4217373563486415,6.316177099943161,3.401240184903145
2022-05-25,3.5140030094853043,7.529922276735306,2.765335589647293
2022-05-26,3.9194177870844262,7.172288596630096,2.5827978551387787
2022-05-27,3.9512767342204733,6.5211595594882965,2.6716677099466324
2022-05-28,3.7536761571443127,6.933217942714691,2.09790900349617
2022-05-29,3.9054310964901395,7.213742807507515,2.796986550092697
2022-05-30,3.9056667893985653,8.593408092856407,2.7322355657815933
2022-05-31,3.563504858215249,7.892923727631569,2.747834175825119
2022-06-01,3.2177601967625957,7.821469008922577,3.0177225172519684
2022-06-02,2.7002817597803257,7.271227240562439,3.2033832371234894
2022-06-03,2.8688627960525315,7.179484963417053,2.3002897202968597
2022-06-04,3.2400866531510655,7.253576964139938,2.2957706451416016
2022-06-05,3.282858578069755,8.124014809727669,2.319752722978592
2022-06-06,3.557401006070828,8.046717569231987,2.6573827117681503
2022-06-07,3.639602770078984,8.548326194286346,2.041485607624054
2022-06-08,3.4740984175374368,7.314687743782997,2.799108847975731
2022-06-09,3.156553719363474,7.139925733208656,3.023574650287628
2022-06-10,4.154784290541076,6.448368430137634,2.7835258841514587
2022-06-11,3.3370610148632838,6.6763924062252045,3.1972628831863403
2022-06-12,4.389450449355547,5.765199735760689,3.5363300889730453
2022-06-13,2.3918062870490595,6.699951589107513,4.148797988891602
2022-06-14,3.7332283118788827,5.423985198140144,5.357733517885208
2022-06-15,2.9647866408014814,4.30032804608345,3.9235348999500275
2022-06-16,2.8962924990615853,6.2327805161476135,3.486623167991638
2022-06-17,3.087198803354655,5.099983066320419,3.775213211774826
2022-06-18,3.71149821796711,3.9757800847291946,3.9984092116355896
2022-06-19,3.352332726961659,3.580358102917671,3.8476891815662384
2022-06-20,3.403190503129488,3.256368711590767,3.8563531637191772
2022-06-21,2.8563480967989334,4.655982926487923,3.512873277068138
2022-06-22,2.8673143530625556,3.5423532128334045,3.4694038331508636
2022-06-23,2.7288798262068608,4.297368228435516,3.259502202272415
2022-06-24,2.6183560931791825,4.571148343384266,3.4257853031158447
2022-06-25,2.94186501030392,5.3652699664235115,3.684510737657547
2022-06-26,3.7550922952075423,5.375262871384621,4.239662289619446
2022-06-27,3.2994911691377036,5.526578351855278,3.9946751296520233
2022-06-28,2.946176606037968,4.8317826166749,3.474419340491295
2022-06-29,2.5382359530933405,4.870709851384163,4.188878685235977
2022-06-30,3.454320415478978,5.681750848889351,3.086830973625183
2022-07-01,2.657642337849651,6.211878061294556,4.494096636772156
2022-07-02,2.777485843823521,6.710882261395454,3.0221622437238693
2022-07-03,3.9255370880077187,4.963038861751556,3.778422027826309
2022-07-04,3.7792926092486296,5.252380482852459,3.8974249362945557
2022-07-05,3.349311896508459,5.60331467539072,3.9704878628253937
2022-07-06,3.0510627231451193,5.840436369180679,3.47919724881649
2022-07-07,3.2336556037925948,5.824882909655571,3.3368488401174545
2022-07-08,3.2773679236097752,5.091995783150196,3.905934691429138
2022-07-09,3.150687738801422,5.847489908337593,3.2651757448911667
2022-07-10,3.63714562199333,5.128340050578117,3.4057465195655823
2022-07-11,2.6021614155738635,5.534769147634506,3.5367174446582794
2022-07-12,3.088567010591129,4.534878507256508,3.01430806517601
2022-07-13,3.4395240504228055,5.680447965860367,3.1301886588335037
2022-07-14,2.6992298563881842,5.029646158218384,3.582959622144699
2022-07-15,3.1045434246795702,5.382846817374229,3.691440671682358
2022-07-16,2.295724587469845,6.173008158802986,3.160766065120697
2022-07-17,3.581312942906312,6.883188709616661,3.428683429956436
2022-07-18,3.38272522847251,6.33343979716301,3.326065242290497
2022-07-19,3.5347170490943682,6.112863644957542,3.601951450109482
2022-07-20,2.4995173520157694,5.506045036017895,3.6612582206726074
2022-07-21,2.2140560043940267,5.424324497580528,3.212742581963539
2022-07-22,2.722910853785665,5.276025831699371,3.7582379579544067
2022-07-23,2.3630953257000016,5.837420225143433,3.4904560446739197
2022-07-24,2.5474905638824965,5.411981977522373,3.3777469396591187
2022-07-25,3.6656700096283235,5.911313742399216,3.5047587007284164
2022-07-26,3.007254541674428,5.787830203771591,4.090482741594315
2022-07-27,3.397161914266749,6.317788437008858,3.2881971448659897
2022-07-28,3.0533451811927637,6.6393812745809555,3.859199434518814
2022-07-29,4.057660590633099,6.72831192612648,3.7832365930080414
2022-07-30,3.186692900513084,6.440425738692284,3.3822159469127655
2022-07-31,3.5079284704084857,7.266730517148972,3.5961270332336426
2022-08-01,2.9419242306229276,6.925022453069687,3.904329836368561
2022-08-02,2.88164151097582,7.618164271116257,4.020262062549591
2022-08-03,3.4838465970054138,6.9151820987463,3.302624523639679
2022-08-04,3.4286449411169206,7.019888162612915,3.937264233827591
2022-08-05,3.9183038905155305,7.0976608246564865,3.379638120532036
2022-08-06,3.6267236380930306,7.099197059869766,3.316594362258911
2022-08-07,3.2056758846434588,8.916812762618065,3.8167789578437805
2022-08-08,3.03097396295782,7.955673336982727,2.8912992775440216
2022-08-09,2.503952736042058,6.149534806609154,2.8640639036893845
2022-08-10,2.9783886964141186,7.7840642631053925,2.984847128391266
2022-08-11,3.6152733200914318,6.735809370875359,3.437042757868767
2022-08-12,3.234743158212902,7.1573252230882645,3.534364700317383
2022-08-13,3.4133815475917837,7.81929038465023,3.755643367767334
2022-08-14,3.6604590176781735,7.068351656198502,2.682247906923294
2022-08-15,2.6092474535442363,6.129463165998459,3.1338603794574738
2022-08-16,2.7384131091995085,5.722062438726425,2.8155523538589478
2022-08-17,2.8771387861185524,5.886244475841522,2.6807016134262085
2022-08-18,2.809650201434183,7.133515924215317,3.1330930441617966
2022-08-19,3.1062178346357303,7.097618579864502,3.6544742435216904
2022-08-20,2.4627912472900992,7.508561164140701,3.0118319392204285
2022-08-21,2.6265405789395797,7.030166387557983,3.7985050678253174
2022-08-22,2.8279474974561802,6.2555404007434845,3.89702707529068
2022-08-23,3.334218043428375,6.466064304113388,2.887524291872978
2022-08-24,3.1543835620545497,6.365390941500664,3.051762878894806
2022-08-25,3.487076184034648,6.800364106893539,3.328220620751381
2022-08-26,2.5426350919076612,7.15649776160717,3.650890588760376
2022-08-27,4.1236138043711525,7.643558084964752,3.8057948648929596
2022-08-28,4.013740108423687,7.632020562887192,3.4870994836091995
2022-08-29,3.5469009860311,6.665465757250786,3.142145276069641
2022-08-30,3.5113073956334784,6.6062285006046295,3.3373481780290604
2022-08-31,3.3899310935097717,8.371860310435295,3.009358048439026
2022-09-01,3.0112751854063946,8.492842018604279,3.4642204642295837
2022-09-02,3.699621672117669,7.822545915842056,2.5684330612421036
2022-09-03,3.509212303544969,8.22645977139473,2.5392568856477737
2022-09-04,3.2629136103627214,8.458397760987282,3.348684087395668
2022-09-05,3.1016723285446646,8.142207562923431,2.676091343164444
2022-09-06,2.4077417024551107,7.678872048854828,2.9117178171873093
2022-09-07,4.060080503200447,8.052354902029037,3.274143934249878
2022-09-08,3.5817074809513407,8.759437501430511,3.8857340812683105
2022-09-09,4.00569010626398,8.825671970844269,3.4276489913463593
2022-09-10,3.319490207570787,8.226416856050491,2.6673346012830734
2022-09-11,2.73706411390599,7.308136448264122,3.440779745578766
2022-09-12,2.9719073394936815,7.4757785350084305,2.9735666513442993
2022-09-13,4.039149388442111,7.075524553656578,2.8930793702602386
2022-09-14,3.443502309043509,7.031545042991638,3.5477813333272934
2022-09-15,3.5929656795233824,7.916667312383652,2.8747840225696564
2022-09-16,3.306204059679947,6.287510991096497,2.588924467563629
2022-09-17,3.0369793786522514,6.551479250192642,2.9580719769001007
2022-09-18,2.7767017192651533,7.182831019163132,2.6907800137996674
2022-09-19,2.97476754225887,5.472997538745403,2.6948540657758713
2022-09-20,2.741041184159088,6.151241362094879,3.014312982559204
2022-09-21,3.01216685723306,6.113269999623299,2.7615442872047424
2022-09-22,2.8008123115520247,6.0113681852817535,2.841908186674118
