,M01AB
2019-10-09,5.197869300842285
2019-10-10,5.023481845855713
2019-10-11,5.407517910003662
2019-10-12,5.180896282196045
2019-10-13,4.9414472579956055
2019-10-14,4.823584079742432
2019-10-15,5.131723403930664
2019-10-16,5.40102481842041
2019-10-17,5.375886917114258
2019-10-18,4.857611179351807
2019-10-19,5.368123054504394
2019-10-20,5.175135612487793
2019-10-21,5.264187812805176
2019-10-22,4.77433967590332
2019-10-23,5.014399528503418
2019-10-24,4.9178972244262695
2019-10-25,5.42397928237915
2019-10-26,6.007174491882324
2019-10-27,5.257776260375977
2019-10-28,5.092731475830078
2019-10-29,4.976672649383545
2019-10-30,5.266846179962158
2019-10-31,4.712574005126953
2019-11-01,4.87779140472412
2019-11-02,5.600284576416016
2019-11-03,5.317383766174316
2019-11-04,5.225020885467529
2019-11-05,5.524757385253906
2019-11-06,4.9021782875061035
2019-11-07,5.13948917388916
2019-11-08,5.162284851074219
2019-11-09,5.576506614685059
2019-11-10,5.129592895507813
2019-11-11,5.416743755340575
2019-11-12,4.788151264190674
2019-11-13,4.7381272315979
2019-11-14,5.404850482940674
2019-11-15,5.122530937194824
2019-11-16,5.0815815925598145
2019-11-17,5.268587589263917
2019-11-18,4.804367542266847
2019-11-19,4.895811080932617
2019-11-20,5.234395980834961
2019-11-21,4.892266273498535
2019-11-22,4.919053077697754
2019-11-23,5.211763381958008
2019-11-24,5.456728458404541
2019-11-25,5.25095796585083
2019-11-26,5.543342113494873
2019-11-27,5.360312461853027
2019-11-28,5.1015191078186035
2019-11-29,5.360337734222412
2019-11-30,5.19111967086792
2019-12-01,5.224816799163818
2019-12-02,5.394215106964111
2019-12-03,5.129031181335449
2019-12-04,5.289592266082764
2019-12-05,5.39457893371582
2019-12-06,5.0231194496154785
2019-12-07,4.919173240661622
2019-12-08,5.161231994628906
2019-12-09,5.041015625
2019-12-10,4.656656742095947
2019-12-11,5.550047397613525
2019-12-12,4.481299877166748
2019-12-13,4.901465892791748
2019-12-14,5.231583595275879
2019-12-15,5.085799694061279
2019-12-16,5.118187427520752
2019-12-17,5.1073760986328125
2019-12-18,5.297741413116455
2019-12-19,4.737303256988525
2019-12-20,5.162834167480469
2019-12-21,5.515308380126953
2019-12-22,4.936862945556641
2019-12-23,5.0557661056518555
2019-12-24,5.269351959228516
2019-12-25,5.267411231994629
2019-12-26,4.989532470703125
2019-12-27,5.161739349365234
2019-12-28,5.1068434715271
2019-12-29,4.943262100219727
2019-12-30,5.332061767578125
2019-12-31,5.307469367980957
2020-01-01,5.1672682762146
2020-01-02,5.172234535217285
2020-01-03,5.149577617645264
2020-01-04,5.228586196899414
2020-01-05,5.06710147857666
2020-01-06,5.237452507019043
2020-01-07,5.482860565185547
2020-01-08,5.047290802001953
2020-01-09,4.891209602355957
2020-01-10,5.105035781860352
2020-01-11,5.5161919593811035
2020-01-12,4.723483562469482
2020-01-13,5.334042549133301
2020-01-14,5.002012729644775
2020-01-15,5.039088726043701
2020-01-16,5.52691650390625
2020-01-17,5.303287029266357
2020-01-18,5.4442458152771
2020-01-19,5.499839782714844
2020-01-20,5.514212131500244
2020-01-21,4.977251052856445
2020-01-22,4.950806140899658
2020-01-23,5.180541515350342
2020-01-24,5.43515157699585
2020-01-25,5.432321071624757
2020-01-26,5.305788993835449
2020-01-27,5.486281871795654
2020-01-28,5.263014316558838
2020-01-29,5.461556911468506
2020-01-30,5.0777764320373535
2020-01-31,5.15109395980835
2020-02-01,5.8672003746032715
2020-02-02,5.219604015350342
2020-02-03,5.653285026550293
2020-02-04,5.362980842590332
2020-02-05,5.143058776855469
2020-02-06,3.8778884410858154
2020-02-07,5.0318169593811035
2020-02-08,5.390200138092041
2020-02-09,5.598658084869385
2020-02-10,4.768945693969727
2020-02-11,5.060000419616699
2020-02-12,5.315001487731934
2020-02-13,5.468357086181641
2020-02-14,5.1244683265686035
2020-02-15,5.1103739738464355
2020-02-16,5.039629936218262
2020-02-17,6.067976474761963
2020-02-18,6.155683994293212
2020-02-19,5.121867656707764
2020-02-20,5.415335655212402
2020-02-21,5.050161361694336
2020-02-22,5.7619524002075195
2020-02-23,5.6563544273376465
2020-02-24,5.443288326263428
2020-02-25,4.840376853942871
2020-02-26,5.425891399383545
2020-02-27,5.15473747253418
2020-02-28,5.120518207550049
2020-02-29,5.524333477020264
2020-03-01,5.31427001953125
2020-03-02,5.238697052001954
2020-03-03,5.40656042098999
2020-03-04,5.464300632476807
2020-03-05,5.261355876922607
2020-03-06,5.474551677703857
2020-03-07,5.11191987991333
2020-03-08,5.001508712768555
2020-03-09,5.300566673278809
2020-03-10,5.21111536026001
2020-03-11,5.557931423187256
2020-03-12,5.356056213378906
2020-03-13,5.1507768630981445
2020-03-14,5.512175559997559
2020-03-15,5.262704849243164
2020-03-16,5.254180908203125
2020-03-17,4.931344032287598
2020-03-18,5.237970352172852
2020-03-19,5.209009170532227
2020-03-20,5.091129302978516
2020-03-21,5.330511093139648
2020-03-22,5.635983943939209
2020-03-23,5.700356960296631
2020-03-24,5.497663497924805
2020-03-25,5.447927474975586
2020-03-26,5.189810752868652
2020-03-27,5.254321098327637
2020-03-28,5.519316673278809
2020-03-29,5.467962265014648
2020-03-30,5.414581298828125
2020-03-31,5.483238697052002
2020-04-01,5.0072245597839355
2020-04-02,4.874815940856934
2020-04-03,5.240202903747559
2020-04-04,5.939401626586914
2020-04-05,5.242620468139648
2020-04-06,5.565755367279053
2020-04-07,5.548231601715088
2020-04-08,5.206887722015381
2020-04-09,5.479983329772949
2020-04-10,4.717258930206299
2020-04-11,5.830286502838135
2020-04-12,5.293505668640137
2020-04-13,5.424400329589844
2020-04-14,5.567165374755859
2020-04-15,5.1185197830200195
2020-04-16,4.865921974182129
2020-04-17,5.535611152648926
2020-04-18,5.482262134552002
2020-04-19,5.259162425994873
2020-04-20,5.353693962097168
2020-04-21,5.300312042236328
2020-04-22,5.354750633239746
2020-04-23,5.526154518127441
2020-04-24,5.484515190124512
2020-04-25,5.090892791748047
2020-04-26,6.3720598220825195
2020-04-27,5.3332319259643555
2020-04-28,5.181949615478516
2020-04-29,5.058483123779296
2020-04-30,5.7498369216918945
2020-05-01,5.3531556129455575
2020-05-02,5.7360405921936035
2020-05-03,5.394664764404297
2020-05-04,5.08757209777832
2020-05-05,5.533392429351807
2020-05-06,5.254059314727783
2020-05-07,5.461864471435546
2020-05-08,5.2948994636535645
2020-05-09,5.357978343963623
2020-05-10,5.528034687042236
2020-05-11,5.215803623199463
2020-05-12,5.579101085662842
2020-05-13,5.392231464385986
2020-05-14,5.7046284675598145
2020-05-15,5.662369728088379
2020-05-16,5.6135969161987305
2020-05-17,5.848706245422363
2020-05-18,5.430517196655273
2020-05-19,5.450992584228516
2020-05-20,5.694874286651611
2020-05-21,5.52171516418457
2020-05-22,5.192769527435304
2020-05-23,5.21192741394043
2020-05-24,5.367333889007568
2020-05-25,5.199285984039306
2020-05-26,5.786633491516113
2020-05-27,5.628905773162842
2020-05-28,5.853992462158203
2020-05-29,5.839444637298584
2020-05-30,5.942657947540283
2020-05-31,5.816152095794678
2020-06-01,5.834375858306885
2020-06-02,5.687200546264648
2020-06-03,5.487676620483398
2020-06-04,5.80552101135254
2020-06-05,5.749656677246094
2020-06-06,5.973714351654053
2020-06-07,5.275503158569336
2020-06-08,5.656843185424804
2020-06-09,5.33331823348999
2020-06-10,5.137473106384277
2020-06-11,5.62655782699585
2020-06-12,5.751304626464844
2020-06-13,5.914032459259033
2020-06-14,5.427314758300781
2020-06-15,5.648179531097412
2020-06-16,5.610426425933838
2020-06-17,5.552481651306152
2020-06-18,5.438231945037842
2020-06-19,5.3688764572143555
2020-06-20,5.987143516540527
2020-06-21,5.444848537445068
2020-06-22,5.6229705810546875
2020-06-23,5.299880504608154
2020-06-24,5.649168491363525
2020-06-25,5.6464104652404785
2020-06-26,5.607780933380126
2020-06-27,5.96931266784668
2020-06-28,5.55413818359375
2020-06-29,5.9736809730529785
2020-06-30,5.370550632476807
2020-07-01,5.750386714935303
2020-07-02,5.688394069671631
2020-07-03,5.558517932891847
2020-07-04,5.787745475769043
2020-07-05,6.044299125671387
2020-07-06,5.809726238250732
2020-07-07,5.523293972015381
2020-07-08,5.46776008605957
2020-07-09,6.442939758300781
2020-07-10,5.818166732788086
2020-07-11,5.939127445220947
2020-07-12,5.867082595825195
2020-07-13,5.575289249420166
2020-07-14,5.595501899719238
2020-07-15,5.661484241485596
2020-07-16,5.5989365577697745
2020-07-17,5.8375563621521
2020-07-18,5.834691047668458
2020-07-19,5.893759727478027
2020-07-20,5.836601734161377
2020-07-21,6.1129679679870605
2020-07-22,6.221473693847656
2020-07-23,5.749760150909424
2020-07-24,6.481597423553467
2020-07-25,6.282403945922852
2020-07-26,5.935874938964844
2020-07-27,6.118417739868164
2020-07-28,5.898253440856934
2020-07-29,6.018178939819336
2020-07-30,5.889591217041016
2020-07-31,6.160112380981445
2020-08-01,6.030555248260498
2020-08-02,5.872737407684326
2020-08-03,6.329872131347656
2020-08-04,6.1408796310424805
2020-08-05,5.50375509262085
2020-08-06,5.592226505279541
2020-08-07,5.754011154174805
2020-08-08,5.7280778884887695
2020-08-09,6.349583148956299
2020-08-10,6.063204765319823
2020-08-11,5.7776336669921875
2020-08-12,5.818102836608887
2020-08-13,5.674866676330566
2020-08-14,5.362044334411621
2020-08-15,5.735652923583984
2020-08-16,5.910637378692627
2020-08-17,6.383447170257568
2020-08-18,5.88650369644165
2020-08-19,6.927884578704834
2020-08-20,5.774905681610107
2020-08-21,5.948511600494385
2020-08-22,5.950546741485596
2020-08-23,6.5501861572265625
2020-08-24,6.000308036804199
2020-08-25,7.020568370819092
2020-08-26,5.46311092376709
2020-08-27,5.994025230407715
2020-08-28,5.625301837921143
2020-08-29,5.998279094696045
2020-08-30,6.216508865356445
2020-08-31,6.026219367980957
2020-09-01,6.004068851470947
2020-09-02,6.474652290344238
2020-09-03,5.886220932006836
2020-09-04,5.795705318450929
2020-09-05,5.987004280090332
2020-09-06,6.189122676849365
2020-09-07,6.1368818283081055
2020-09-08,6.091922283172607
2020-09-09,5.966802597045898
2020-09-10,5.628047943115234
2020-09-11,5.45779275894165
2020-09-12,6.3064870834350595
2020-09-13,5.883101940155029
2020-09-14,5.934506416320801
2020-09-15,5.787874221801758
2020-09-16,5.740994930267334
2020-09-17,5.856316566467285
2020-09-18,5.807509899139403
2020-09-19,6.282756328582764
2020-09-20,6.2069220542907715
2020-09-21,5.775306701660156
2020-09-22,5.746484756469727
2020-09-23,6.051271438598633
2020-09-24,5.7859086990356445
2020-09-25,5.807798385620117
2020-09-26,5.502809047698975
2020-09-27,5.87066125869751
2020-09-28,5.575730800628662
2020-09-29,5.676731586456299
2020-09-30,5.657004356384277
2020-10-01,6.221342086791992
2020-10-02,5.990479946136475
2020-10-03,6.002273082733154
2020-10-04,5.859459400177002
2020-10-05,5.562830448150635
2020-10-06,5.865900993347168
2020-10-07,5.923130035400391
2020-10-08,5.58220100402832
2020-10-09,5.148440361022949
2020-10-10,5.891805648803711
2020-10-11,6.100204944610596
2020-10-12,5.402266502380371
2020-10-13,5.87614107131958
2020-10-14,5.564732074737549
2020-10-15,5.346655368804931
2020-10-16,5.546241760253907
2020-10-17,5.53900909423828
2020-10-18,5.369179725646973
2020-10-19,5.550045967102051
2020-10-20,5.54519510269165
2020-10-21,5.66950798034668
2020-10-22,5.411883354187012
2020-10-23,6.044699192047119
2020-10-24,5.515474319458007
2020-10-25,5.419492721557617
2020-10-26,5.905946731567383
2020-10-27,5.7084197998046875
2020-10-28,5.637512683868408
2020-10-29,5.392683506011963
2020-10-30,5.700919151306152
2020-10-31,5.536038398742676
2020-11-01,5.629332542419434
2020-11-02,5.785260200500488
2020-11-03,6.240202903747559
2020-11-04,5.6754302978515625
2020-11-05,5.639522552490234
2020-11-06,5.70780611038208
2020-11-07,7.135499000549316
2020-11-08,5.671727180480957
2020-11-09,5.770462989807129
2020-11-10,5.881518840789795
2020-11-11,5.629836082458496
2020-11-12,6.038557052612305
2020-11-13,5.621138095855713
2020-11-14,5.260244846343994
2020-11-15,5.62416934967041
2020-11-16,5.423343181610107
2020-11-17,5.415200710296631
2020-11-18,5.192302227020264
2020-11-19,5.863921165466309
2020-11-20,5.407768249511719
2020-11-21,5.692181587219238
2020-11-22,5.163651466369629
2020-11-23,5.108713150024414
2020-11-24,5.458666801452637
2020-11-25,5.611295223236084
2020-11-26,6.177701950073242
2020-11-27,5.580907344818115
2020-11-28,6.95186185836792
2020-11-29,5.585336208343506
2020-11-30,5.388727188110352
2020-12-01,5.311122417449951
2020-12-02,5.814854621887207
2020-12-03,5.802235126495361
2020-12-04,6.215439319610596
2020-12-05,5.5674824714660645
2020-12-06,5.851245880126952
2020-12-07,5.722421169281006
2020-12-08,5.697845458984375
2020-12-09,5.470707893371582
2020-12-10,5.529773235321045
2020-12-11,5.531569004058838
2020-12-12,5.817491054534912
2020-12-13,5.7375664710998535
2020-12-14,5.360140800476074
2020-12-15,5.429188251495361
2020-12-16,5.407525062561035
2020-12-17,5.9407243728637695
2020-12-18,5.358290195465088
2020-12-19,5.769315242767334
2020-12-20,6.208256721496582
2020-12-21,5.668321132659912
2020-12-22,5.405912399291992
2020-12-23,5.379491329193115
2020-12-24,5.104521751403809
2020-12-25,5.378406524658203
2020-12-26,5.979173183441162
2020-12-27,5.6847124099731445
2020-12-28,5.852778434753418
2020-12-29,5.4909443855285645
2020-12-30,6.022790431976318
2020-12-31,5.328664779663086
2021-01-01,5.817912578582764
2021-01-02,6.20586395263672
2021-01-03,5.767983913421631
2021-01-04,5.958547115325928
2021-01-05,5.653812885284424
2021-01-06,5.544271945953369
2021-01-07,5.744623184204102
2021-01-08,5.738003730773926
2021-01-09,5.915173530578613
2021-01-10,5.813865661621093
2021-01-11,5.935135364532471
2021-01-12,5.689600467681885
2021-01-13,5.579286575317383
2021-01-14,5.489796161651611
2021-01-15,6.027875900268555
2021-01-16,5.572716236114502
2021-01-17,6.17879056930542
2021-01-18,5.638519287109375
2021-01-19,5.965788841247559
2021-01-20,5.827071189880371
2021-01-21,5.5148863792419425
2021-01-22,5.832682132720948
2021-01-23,5.870824813842773
2021-01-24,5.996851921081543
2021-01-25,6.0586466789245605
2021-01-26,5.094157695770264
2021-01-27,5.637895584106445
2021-01-28,5.776829719543457
2021-01-29,5.213010787963867
2021-01-30,5.923525810241699
2021-01-31,5.661140441894531
2021-02-01,5.330226421356201
2021-02-02,5.617223739624023
2021-02-03,5.461381912231445
2021-02-04,5.5995588302612305
2021-02-05,5.706430435180664
2021-02-06,5.7596330642700195
2021-02-07,5.7001495361328125
2021-02-08,5.8126020431518555
2021-02-09,5.842365264892578
2021-02-10,5.441152095794678
2021-02-11,5.634702682495117
2021-02-12,5.5070390701293945
2021-02-13,5.790186882019043
2021-02-14,5.6407551765441895
2021-02-15,5.523654937744141
2021-02-16,5.393177032470703
2021-02-17,5.747541427612305
2021-02-18,5.438840866088867
2021-02-19,5.648540496826172
2021-02-20,5.9430341720581055
2021-02-21,5.61080265045166
2021-02-22,5.538183212280273
2021-02-23,5.61879062652588
2021-02-24,5.401338577270508
2021-02-25,5.575564861297607
2021-02-26,5.384535312652587
2021-02-27,5.6553215980529785
2021-02-28,5.739766597747803
2021-03-01,5.31260061264038
2021-03-02,5.405195236206055
2021-03-03,5.772949695587158
2021-03-04,5.601480960845947
2021-03-05,5.537151336669922
2021-03-06,6.488413333892822
2021-03-07,5.6120996475219735
2021-03-08,5.647713661193848
2021-03-09,5.537582874298096
2021-03-10,5.861116886138916
2021-03-11,5.598043918609619
2021-03-12,5.131192684173584
2021-03-13,5.989072799682617
2021-03-14,5.75685453414917
2021-03-15,5.801805019378662
2021-03-16,5.291081428527832
2021-03-17,5.391226291656494
2021-03-18,5.604562759399414
2021-03-19,5.461748123168944
2021-03-20,5.875533580780029
2021-03-21,5.5095367431640625
2021-03-22,5.425834655761719
2021-03-23,4.776159286499023
2021-03-24,5.1486616134643555
2021-03-25,5.357950687408447
2021-03-26,5.468492031097412
2021-03-27,5.577845096588135
2021-03-28,5.237738132476807
2021-03-29,5.890316486358643
2021-03-30,5.491278171539307
2021-03-31,5.688448905944824
2021-04-01,5.212870121002197
2021-04-02,4.985152244567871
2021-04-03,5.259944915771484
2021-04-04,5.658731937408447
2021-04-05,5.557533264160156
2021-04-06,5.231418609619141
2021-04-07,5.082639694213867
2021-04-08,5.105602741241454
2021-04-09,5.00701379776001
2021-04-10,5.2408905029296875
2021-04-11,5.231759548187256
2021-04-12,5.407734870910644
2021-04-13,5.566102027893066
2021-04-14,5.311777591705322
2021-04-15,4.831906318664551
2021-04-16,5.564392089843749
2021-04-17,5.7556939125061035
2021-04-18,5.294365882873535
2021-04-19,5.014224529266357
2021-04-20,5.525940895080566
2021-04-21,5.113193511962891
2021-04-22,5.161113739013672
2021-04-23,4.691387176513672
2021-04-24,5.136429786682129
2021-04-25,5.154911518096924
2021-04-26,5.451567649841309
2021-04-27,5.1347174644470215
2021-04-28,5.305537700653076
2021-04-29,5.478240013122559
2021-04-30,5.127443313598633
2021-05-01,5.282633781433106
2021-05-02,5.2690887451171875
2021-05-03,5.294061660766602
2021-05-04,5.111820697784424
2021-05-05,5.039082527160645
2021-05-06,5.643859386444092
2021-05-07,5.04112434387207
2021-05-08,5.063748836517334
2021-05-09,5.478507518768311
2021-05-10,5.156447410583496
2021-05-11,4.985965728759766
2021-05-12,5.7091240882873535
2021-05-13,4.833894729614258
2021-05-14,5.056789398193359
2021-05-15,5.486776351928711
2021-05-16,5.578044891357423
2021-05-17,5.442377567291261
2021-05-18,5.359304428100586
2021-05-19,5.4185991287231445
2021-05-20,5.083319664001465
2021-05-21,5.118891716003418
2021-05-22,5.288787364959717
2021-05-23,5.387987136840819
2021-05-24,4.821927070617676
2021-05-25,5.044589042663574
2021-05-26,5.267027854919434
2021-05-27,5.350713729858398
2021-05-28,5.427986145019531
2021-05-29,5.480165481567383
2021-05-30,5.320540904998779
2021-05-31,5.225940227508545
2021-06-01,5.259981632232666
2021-06-02,5.3237624168396
2021-06-03,5.229689598083496
2021-06-04,5.009264945983887
2021-06-05,5.053425788879394
2021-06-06,5.0918426513671875
2021-06-07,5.048619270324706
2021-06-08,5.404016971588135
2021-06-09,4.840268611907959
2021-06-10,4.6341328620910645
2021-06-11,5.567495822906494
2021-06-12,5.159364223480225
2021-06-13,5.446453094482422
2021-06-14,4.909303188323975
2021-06-15,5.7288312911987305
2021-06-16,5.018843650817871
2021-06-17,5.135829448699951
2021-06-18,5.8811445236206055
2021-06-19,4.95612907409668
2021-06-20,5.325743675231933
2021-06-21,5.203892230987549
2021-06-22,5.081399440765381
2021-06-23,5.094215393066406
2021-06-24,5.074537754058838
2021-06-25,4.898900032043457
2021-06-26,4.9492974281311035
2021-06-27,5.750169277191161
2021-06-28,5.183481693267823
2021-06-29,5.413358688354492
2021-06-30,5.421067237854004
2021-07-01,5.181779384613037
2021-07-02,4.7746405601501465
2021-07-03,5.171419143676758
2021-07-04,5.4381585121154785
2021-07-05,5.209076881408691
2021-07-06,5.080781936645508
2021-07-07,5.398288726806641
2021-07-08,5.397739887237549
2021-07-09,5.017818450927734
2021-07-10,5.553158760070801
2021-07-11,7.024008750915527
2021-07-12,5.304114818572998
2021-07-13,5.255732536315918
2021-07-14,4.956502437591553
2021-07-15,5.06053352355957
2021-07-16,5.2574591636657715
2021-07-17,5.132361888885498
2021-07-18,5.201984405517578
2021-07-19,5.467702388763428
2021-07-20,5.274405479431152
2021-07-21,5.293783187866211
2021-07-22,5.257428169250488
2021-07-23,5.2715349197387695
2021-07-24,5.581099033355713
2021-07-25,5.234068393707275
2021-07-26,4.89189338684082
2021-07-27,5.313704013824463
2021-07-28,5.153651714324951
2021-07-29,5.154288291931152
2021-07-30,5.158762454986572
2021-07-31,5.334506034851074
2021-08-01,5.211858749389648
2021-08-02,5.298212051391602
2021-08-03,5.1781697273254395
2021-08-04,5.089554786682129
2021-08-05,5.100427627563477
2021-08-06,5.015595436096191
2021-08-07,5.90354061126709
2021-08-08,5.148174285888672
2021-08-09,5.195477485656738
2021-08-10,5.209981918334961
2021-08-11,5.428443908691405
2021-08-12,5.017804145812988
2021-08-13,4.92087984085083
2021-08-14,5.230423927307129
2021-08-15,5.50101375579834
2021-08-16,5.502561092376709
2021-08-17,5.183143138885498
2021-08-18,4.90302848815918
2021-08-19,5.336477279663086
2021-08-20,4.7367215156555185
2021-08-21,5.526316165924072
2021-08-22,5.424203872680664
2021-08-23,5.927417278289795
2021-08-24,5.4652605056762695
2021-08-25,5.012463092803955
2021-08-26,5.0341644287109375
2021-08-27,5.078647613525391
2021-08-28,4.985741138458252
2021-08-29,5.095205783843994
2021-08-30,5.025610446929932
2021-08-31,5.71748161315918
2021-09-01,5.289188385009766
2021-09-02,4.987743377685547
2021-09-03,5.024649620056152
2021-09-04,4.916240215301514
2021-09-05,4.9863295555114755
2021-09-06,5.434914588928223
2021-09-07,5.389293670654297
2021-09-08,5.134965896606445
2021-09-09,5.5633673667907715
2021-09-10,5.085914134979248
2021-09-11,5.299468040466309
2021-09-12,5.351541519165039
2021-09-13,5.52226161956787
2021-09-14,5.507590293884277
2021-09-15,5.269498825073242
2021-09-16,5.499950885772705
2021-09-17,5.168964862823486
2021-09-18,5.090391159057617
2021-09-19,5.4960408210754395
2021-09-20,5.265684127807617
2021-09-21,6.035979270935059
2021-09-22,5.204279899597168
2021-09-23,4.85642147064209
2021-09-24,5.074099540710449
2021-09-25,5.1126556396484375
2021-09-26,5.335176944732666
2021-09-27,6.310885429382324
2021-09-28,4.941932678222656
2021-09-29,5.0615153312683105
2021-09-30,5.0257697105407715
2021-10-01,4.930624008178711
2021-10-02,5.091094493865967
2021-10-03,5.3932976722717285
2021-10-04,5.19103479385376
2021-10-05,4.932847499847412
2021-10-06,5.130196571350098
2021-10-07,5.03055477142334
2021-10-08,5.57342529296875
2021-10-09,4.8622236251831055
2021-10-10,5.037539482116699
2021-10-11,5.05794095993042
2021-10-12,6.446483612060547
2021-10-13,4.9447221755981445
2021-10-14,4.888674736022948
2021-10-15,5.2751383781433105
2021-10-16,5.149267196655273
2021-10-17,5.187675952911377
2021-10-18,4.931711673736572
2021-10-19,4.90003776550293
2021-10-20,5.317192554473877
2021-10-21,5.1561689376831055
2021-10-22,4.931169509887695
2021-10-23,5.2014617919921875
2021-10-24,5.323254108428955
2021-10-25,5.2891316413879395
2021-10-26,5.138641834259033
2021-10-27,5.188842296600342
2021-10-28,5.263206481933594
2021-10-29,4.891528129577637
2021-10-30,5.487976551055908
2021-10-31,5.0996994972229
2021-11-01,5.123556613922119
2021-11-02,5.036124229431152
2021-11-03,4.445770740509033
2021-11-04,4.996371269226074
2021-11-05,4.902767658233643
2021-11-06,5.886506080627441
2021-11-07,5.442788600921631
2021-11-08,4.511282920837402
2021-11-09,5.4516191482543945
2021-11-10,4.566080570220947
2021-11-11,5.073478698730469
2021-11-12,5.1951117515563965
2021-11-13,4.9526872634887695
2021-11-14,5.129354953765869
2021-11-15,5.311587810516357
2021-11-16,4.357144355773926
2021-11-17,4.999325752258301
2021-11-18,5.2952351570129395
2021-11-19,4.782805442810059
2021-11-20,5.644545555114746
2021-11-21,6.115290641784668
2021-11-22,4.68864631652832
2021-11-23,4.860048294067383
2021-11-24,4.351863384246826
2021-11-25,5.0610833168029785
2021-11-26,5.255368709564209
2021-11-27,5.283570289611816
2021-11-28,4.718166828155518
2021-11-29,4.7056474685668945
2021-11-30,4.757466793060302
2021-12-01,4.876713752746581
2021-12-02,5.2146477699279785
2021-12-03,4.783437728881837
2021-12-04,5.059048652648926
2021-12-05,5.3295817375183105
2021-12-06,5.473501205444336
2021-12-07,4.699907302856446
2021-12-08,4.844506740570068
2021-12-09,4.888634204864502
2021-12-10,4.807612895965576
2021-12-11,4.8196892738342285
2021-12-12,5.223443984985352
2021-12-13,4.802757263183594
2021-12-14,4.5656280517578125
2021-12-15,4.874674320220947
2021-12-16,4.6727943420410165
2021-12-17,4.794645309448242
2021-12-18,5.461734771728516
2021-12-19,5.007729053497314
2021-12-20,4.939018726348877
2021-12-21,5.322497367858887
2021-12-22,5.299414157867432
2021-12-23,4.9254150390625
2021-12-24,5.178979873657227
2021-12-25,4.671001434326172
2021-12-26,5.131006240844727
2021-12-27,4.688743591308594
2021-12-28,4.596917152404785
2021-12-29,4.534145832061768
2021-12-30,4.604439735412598
2021-12-31,5.30776834487915
2022-01-01,5.338663101196289
2022-01-02,5.00932502746582
2022-01-03,5.340732097625732
2022-01-04,5.067607879638672
2022-01-05,4.632075309753418
2022-01-06,4.737155437469482
2022-01-07,4.8533220291137695
2022-01-08,5.258756160736084
2022-01-09,4.858674049377441
2022-01-10,4.974791526794434
2022-01-11,4.765374660491943
2022-01-12,4.756215572357178
2022-01-13,4.874301910400391
2022-01-14,4.847997188568116
2022-01-15,5.995485305786133
2022-01-16,5.108576774597168
2022-01-17,4.613267421722412
2022-01-18,4.852054119110107
2022-01-19,4.842569351196289
2022-01-20,4.9477458000183105
2022-01-21,5.014697551727295
2022-01-22,5.12760066986084
2022-01-23,4.8930296897888175
2022-01-24,4.8505754470825195
2022-01-25,4.944797515869141
2022-01-26,4.113241195678711
2022-01-27,5.020595550537109
2022-01-28,4.693725109100342
2022-01-29,5.065809726715088
2022-01-30,5.410739898681641
2022-01-31,4.41909122467041
2022-02-01,5.6808061599731445
2022-02-02,4.091940879821777
2022-02-03,4.958669662475586
2022-02-04,4.686603546142578
2022-02-05,5.736720561981201
2022-02-06,5.052087306976318
2022-02-07,4.671561241149902
2022-02-08,5.16707706451416
2022-02-09,4.809021949768066
2022-02-10,4.533252716064453
2022-02-11,5.000021457672119
2022-02-12,5.459897994995117
2022-02-13,5.247417449951172
2022-02-14,5.045942783355713
2022-02-15,4.460570812225342
2022-02-16,4.769515991210938
2022-02-17,4.317592144012451
2022-02-18,4.977277755737305
2022-02-19,5.3678812980651855
2022-02-20,5.02498722076416
2022-02-21,5.032998561859131
2022-02-22,4.676807403564453
2022-02-23,4.704334259033203
2022-02-24,4.876044750213623
2022-02-25,4.755877494812012
2022-02-26,6.426138877868652
2022-02-27,5.156681537628174
2022-02-28,4.521486759185791
2022-03-01,4.8352580070495605
2022-03-02,4.868926525115967
2022-03-03,4.757205009460449
2022-03-04,5.12774133682251
2022-03-05,5.275605201721191
2022-03-06,5.432628631591797
2022-03-07,4.962003707885742
2022-03-08,4.97953462600708
2022-03-09,4.887165069580078
2022-03-10,4.781848430633545
2022-03-11,5.145033359527588
2022-03-12,5.1011762619018555
2022-03-13,4.803191184997559
2022-03-14,5.241967678070068
2022-03-15,4.737844944000244
2022-03-16,5.185402393341064
2022-03-17,4.971008777618408
2022-03-18,5.168379306793213
2022-03-19,4.883673667907715
2022-03-20,5.295521259307861
2022-03-21,4.963111877441406
2022-03-22,4.808762073516846
2022-03-23,5.01095199584961
2022-03-24,5.1548943519592285
2022-03-25,4.201601028442383
2022-03-26,5.15786075592041
2022-03-27,4.754616737365723
2022-03-28,5.335890769958496
2022-03-29,5.410823345184327
2022-03-30,5.481379508972168
2022-03-31,4.773785591125488
2022-04-01,5.108842849731445
2022-04-02,5.035541534423828
2022-04-03,5.055907249450684
2022-04-04,5.122420310974122
2022-04-05,5.110170841217041
2022-04-06,5.059544086456299
2022-04-07,4.90205717086792
2022-04-08,4.8031206130981445
2022-04-09,5.400275230407716
2022-04-10,4.946182727813721
2022-04-11,5.07332992553711
2022-04-12,5.261366844177247
2022-04-13,4.6944403648376465
2022-04-14,5.1181535720825195
2022-04-15,5.0562520027160645
2022-04-16,5.251159191131592
2022-04-17,5.242290019989014
2022-04-18,4.956470966339111
2022-04-19,5.86619234085083
2022-04-20,4.864854335784912
2022-04-21,4.634928226470947
2022-04-22,6.582070827484131
2022-04-23,4.97675085067749
2022-04-24,4.943935871124268
2022-04-25,4.717964172363281
2022-04-26,5.017731189727783
2022-04-27,5.264228343963623
2022-04-28,5.081205368041992
2022-04-29,4.728762626647949
2022-04-30,5.154639720916748
2022-05-01,4.9083476066589355
2022-05-02,5.162450790405273
2022-05-03,4.859920501708984
2022-05-04,4.9233055114746085
2022-05-05,4.817667007446289
2022-05-06,4.89091682434082
2022-05-07,4.995233535766602
2022-05-08,5.013001918792725
2022-05-09,4.7851715087890625
2022-05-10,4.90289306640625
2022-05-11,4.805656433105469
2022-05-12,4.738280296325684
2022-05-13,4.842072010040283
2022-05-14,4.965031147003174
2022-05-15,4.6451826095581055
2022-05-16,4.857185363769531
2022-05-17,5.023656368255615
2022-05-18,5.186089515686035
2022-05-19,4.562307357788087
2022-05-20,4.7915568351745605
2022-05-21,5.480373382568359
2022-05-22,4.817575931549072
2022-05-23,4.766897201538086
2022-05-24,5.362608432769775
2022-05-25,5.067120552062988
2022-05-26,4.389315605163574
2022-05-27,4.536127090454102
2022-05-28,4.960874080657959
2022-05-29,4.844027996063232
2022-05-30,4.787624359130859
2022-05-31,5.060436248779297
2022-06-01,4.970155715942383
2022-06-02,5.506174564361572
2022-06-03,4.78591775894165
2022-06-04,4.947509765625
2022-06-05,4.660583019256592
2022-06-06,5.3440632820129395
2022-06-07,4.554321765899658
2022-06-08,4.810480594635009
2022-06-09,6.478004455566406
2022-06-10,4.762536525726318
2022-06-11,5.155444145202637
2022-06-12,4.59924840927124
2022-06-13,5.196661949157715
2022-06-14,5.19140625
2022-06-15,4.870082378387451
2022-06-16,5.248022079467773
2022-06-17,4.732342720031738
2022-06-18,4.923516273498534
2022-06-19,5.130352973937988
2022-06-20,4.6182026863098145
2022-06-21,4.670557975769043
2022-06-22,4.33649206161499
2022-06-23,5.048137664794921
2022-06-24,4.889387607574463
2022-06-25,4.8687896728515625
2022-06-26,5.193159103393555
2022-06-27,4.863295078277588
2022-06-28,5.0691680908203125
2022-06-29,4.782801628112792
2022-06-30,4.664142608642579
2022-07-01,4.693413734436035
2022-07-02,5.1557908058166495
2022-07-03,5.148341178894044
2022-07-04,4.758858680725098
2022-07-05,4.485207080841064
2022-07-06,4.614799976348877
2022-07-07,4.866613864898682
2022-07-08,4.690253734588623
2022-07-09,4.966408729553223
2022-07-10,5.098861217498779
2022-07-11,5.172450542449951
2022-07-12,5.3532938957214355
2022-07-13,4.12714958190918
2022-07-14,4.68846607208252
2022-07-15,5.11879825592041
2022-07-16,5.092593193054199
2022-07-17,5.703536510467529
2022-07-18,5.2665534019470215
2022-07-19,5.076040267944336
2022-07-20,4.933523654937744
2022-07-21,4.270242214202881
2022-07-22,4.706672668457031
2022-07-23,4.913427352905273
2022-07-24,5.384674072265625
2022-07-25,4.72585916519165
2022-07-26,4.898897647857666
2022-07-27,4.9871625900268555
2022-07-28,4.322997093200684
2022-07-29,4.69970703125
2022-07-30,5.990072727203369
2022-07-31,4.752821922302246
2022-08-01,4.783148765563966
2022-08-02,4.608102798461914
2022-08-03,4.841156959533691
2022-08-04,4.606649875640869
2022-08-05,4.87163782119751
2022-08-06,5.243986129760742
2022-08-07,5.014460563659668
2022-08-08,4.741439342498779
2022-08-09,4.402869701385498
2022-08-10,4.72340202331543
2022-08-11,4.896589279174805
2022-08-12,4.823355197906494
2022-08-13,5.0922932624816895
2022-08-14,4.979630947113037
2022-08-15,5.81849479675293
2022-08-16,4.569176197052002
2022-08-17,4.905692100524902
2022-08-18,4.6002702713012695
2022-08-19,4.905836582183838
2022-08-20,4.886130332946777
2022-08-21,5.812272548675537
2022-08-22,5.151106357574463
2022-08-23,5.289102554321289
2022-08-24,5.342662334442139
2022-08-25,4.889924049377441
2022-08-26,4.859375
2022-08-27,4.950298309326172
2022-08-28,4.946475505828857
2022-08-29,5.390840530395508
2022-08-30,5.114900588989257
2022-08-31,6.3268585205078125
2022-09-01,4.7381672859191895
2022-09-02,4.378727436065674
2022-09-03,5.183596611022949
2022-09-04,5.029911994934082
2022-09-05,4.9091362953186035
2022-09-06,4.973073482513428
2022-09-07,4.59721565246582
2022-09-08,4.876889705657959
2022-09-09,4.78702449798584
2022-09-10,5.096892833709716
2022-09-11,5.023975849151611
2022-09-12,4.61168670654297
2022-09-13,4.9947710037231445
2022-09-14,4.76996374130249
2022-09-15,4.721070766448975
2022-09-16,4.872048854827881
2022-09-17,5.159825801849365
2022-09-18,4.784914016723633
2022-09-19,4.989922046661377
2022-09-20,4.659237384796143
2022-09-21,4.8646745681762695
2022-09-22,4.765404224395752
